1,./aligned-images/Hyun_soo/Hyun_soo111.png
1,./aligned-images/Hyun_soo/Hyun_soo329.png
1,./aligned-images/Hyun_soo/Hyun_soo335.png
1,./aligned-images/Hyun_soo/Hyun_soo125.png
1,./aligned-images/Hyun_soo/Hyun_soo289.png
1,./aligned-images/Hyun_soo/Hyun_soo86.png
1,./aligned-images/Hyun_soo/Hyun_soo23.png
1,./aligned-images/Hyun_soo/Hyun_soo214.png
1,./aligned-images/Hyun_soo/Hyun_soo29.png
1,./aligned-images/Hyun_soo/Hyun_soo103.png
1,./aligned-images/Hyun_soo/Hyun_soo87.png
1,./aligned-images/Hyun_soo/Hyun_soo282.png
1,./aligned-images/Hyun_soo/Hyun_soo129.png
1,./aligned-images/Hyun_soo/Hyun_soo83.png
1,./aligned-images/Hyun_soo/Hyun_soo290.png
1,./aligned-images/Hyun_soo/Hyun_soo278.png
1,./aligned-images/Hyun_soo/Hyun_soo127.png
1,./aligned-images/Hyun_soo/Hyun_soo67.png
1,./aligned-images/Hyun_soo/Hyun_soo117.png
1,./aligned-images/Hyun_soo/Hyun_soo367.png
1,./aligned-images/Hyun_soo/Hyun_soo210.png
1,./aligned-images/Hyun_soo/Hyun_soo144.png
1,./aligned-images/Hyun_soo/Hyun_soo93.png
1,./aligned-images/Hyun_soo/Hyun_soo147.png
1,./aligned-images/Hyun_soo/Hyun_soo189.png
1,./aligned-images/Hyun_soo/Hyun_soo294.png
1,./aligned-images/Hyun_soo/Hyun_soo221.png
1,./aligned-images/Hyun_soo/Hyun_soo16.png
1,./aligned-images/Hyun_soo/Hyun_soo94.png
1,./aligned-images/Hyun_soo/Hyun_soo9.png
1,./aligned-images/Hyun_soo/Hyun_soo284.png
1,./aligned-images/Hyun_soo/Hyun_soo43.png
1,./aligned-images/Hyun_soo/Hyun_soo285.png
1,./aligned-images/Hyun_soo/Hyun_soo356.png
1,./aligned-images/Hyun_soo/Hyun_soo41.png
1,./aligned-images/Hyun_soo/Hyun_soo319.png
1,./aligned-images/Hyun_soo/Hyun_soo38.png
1,./aligned-images/Hyun_soo/Hyun_soo240.png
1,./aligned-images/Hyun_soo/Hyun_soo196.png
1,./aligned-images/Hyun_soo/Hyun_soo342.png
1,./aligned-images/Hyun_soo/Hyun_soo169.png
1,./aligned-images/Hyun_soo/Hyun_soo90.png
1,./aligned-images/Hyun_soo/Hyun_soo120.png
1,./aligned-images/Hyun_soo/Hyun_soo349.png
1,./aligned-images/Hyun_soo/Hyun_soo152.png
1,./aligned-images/Hyun_soo/Hyun_soo256.png
1,./aligned-images/Hyun_soo/Hyun_soo310.png
1,./aligned-images/Hyun_soo/Hyun_soo363.png
1,./aligned-images/Hyun_soo/Hyun_soo143.png
1,./aligned-images/Hyun_soo/Hyun_soo15.png
1,./aligned-images/Hyun_soo/Hyun_soo334.png
1,./aligned-images/Hyun_soo/Hyun_soo108.png
1,./aligned-images/Hyun_soo/Hyun_soo124.png
1,./aligned-images/Hyun_soo/Hyun_soo211.png
1,./aligned-images/Hyun_soo/Hyun_soo375.png
1,./aligned-images/Hyun_soo/Hyun_soo26.png
1,./aligned-images/Hyun_soo/Hyun_soo364.png
1,./aligned-images/Hyun_soo/Hyun_soo323.png
1,./aligned-images/Hyun_soo/Hyun_soo242.png
1,./aligned-images/Hyun_soo/Hyun_soo160.png
1,./aligned-images/Hyun_soo/Hyun_soo22.png
1,./aligned-images/Hyun_soo/Hyun_soo157.png
1,./aligned-images/Hyun_soo/Hyun_soo354.png
1,./aligned-images/Hyun_soo/Hyun_soo50.png
1,./aligned-images/Hyun_soo/Hyun_soo168.png
1,./aligned-images/Hyun_soo/Hyun_soo260.png
1,./aligned-images/Hyun_soo/Hyun_soo257.png
1,./aligned-images/Hyun_soo/Hyun_soo348.png
1,./aligned-images/Hyun_soo/Hyun_soo156.png
1,./aligned-images/Hyun_soo/Hyun_soo215.png
1,./aligned-images/Hyun_soo/Hyun_soo360.png
1,./aligned-images/Hyun_soo/Hyun_soo231.png
1,./aligned-images/Hyun_soo/Hyun_soo171.png
1,./aligned-images/Hyun_soo/Hyun_soo167.png
1,./aligned-images/Hyun_soo/Hyun_soo383.png
1,./aligned-images/Hyun_soo/Hyun_soo247.png
1,./aligned-images/Hyun_soo/Hyun_soo100.png
1,./aligned-images/Hyun_soo/Hyun_soo295.png
1,./aligned-images/Hyun_soo/Hyun_soo359.png
1,./aligned-images/Hyun_soo/Hyun_soo300.png
1,./aligned-images/Hyun_soo/Hyun_soo270.png
1,./aligned-images/Hyun_soo/Hyun_soo128.png
1,./aligned-images/Hyun_soo/Hyun_soo306.png
1,./aligned-images/Hyun_soo/Hyun_soo380.png
1,./aligned-images/Hyun_soo/Hyun_soo172.png
1,./aligned-images/Hyun_soo/Hyun_soo361.png
1,./aligned-images/Hyun_soo/Hyun_soo106.png
1,./aligned-images/Hyun_soo/Hyun_soo358.png
1,./aligned-images/Hyun_soo/Hyun_soo78.png
1,./aligned-images/Hyun_soo/Hyun_soo28.png
1,./aligned-images/Hyun_soo/Hyun_soo104.png
1,./aligned-images/Hyun_soo/Hyun_soo224.png
1,./aligned-images/Hyun_soo/Hyun_soo166.png
1,./aligned-images/Hyun_soo/Hyun_soo297.png
1,./aligned-images/Hyun_soo/Hyun_soo98.png
1,./aligned-images/Hyun_soo/Hyun_soo102.png
1,./aligned-images/Hyun_soo/Hyun_soo279.png
1,./aligned-images/Hyun_soo/Hyun_soo274.png
1,./aligned-images/Hyun_soo/Hyun_soo65.png
1,./aligned-images/Hyun_soo/Hyun_soo339.png
1,./aligned-images/Hyun_soo/Hyun_soo150.png
1,./aligned-images/Hyun_soo/Hyun_soo368.png
1,./aligned-images/Hyun_soo/Hyun_soo107.png
1,./aligned-images/Hyun_soo/Hyun_soo97.png
1,./aligned-images/Hyun_soo/Hyun_soo112.png
1,./aligned-images/Hyun_soo/Hyun_soo373.png
1,./aligned-images/Hyun_soo/Hyun_soo344.png
1,./aligned-images/Hyun_soo/Hyun_soo118.png
1,./aligned-images/Hyun_soo/Hyun_soo343.png
1,./aligned-images/Hyun_soo/Hyun_soo82.png
1,./aligned-images/Hyun_soo/Hyun_soo321.png
1,./aligned-images/Hyun_soo/Hyun_soo80.png
1,./aligned-images/Hyun_soo/Hyun_soo317.png
1,./aligned-images/Hyun_soo/Hyun_soo253.png
1,./aligned-images/Hyun_soo/Hyun_soo259.png
1,./aligned-images/Hyun_soo/Hyun_soo286.png
1,./aligned-images/Hyun_soo/Hyun_soo116.png
1,./aligned-images/Hyun_soo/Hyun_soo63.png
1,./aligned-images/Hyun_soo/Hyun_soo162.png
1,./aligned-images/Hyun_soo/Hyun_soo178.png
1,./aligned-images/Hyun_soo/Hyun_soo324.png
1,./aligned-images/Hyun_soo/Hyun_soo68.png
1,./aligned-images/Hyun_soo/Hyun_soo3.png
1,./aligned-images/Hyun_soo/Hyun_soo131.png
1,./aligned-images/Hyun_soo/Hyun_soo350.png
1,./aligned-images/Hyun_soo/Hyun_soo243.png
1,./aligned-images/Hyun_soo/Hyun_soo17.png
1,./aligned-images/Hyun_soo/Hyun_soo64.png
1,./aligned-images/Hyun_soo/Hyun_soo316.png
1,./aligned-images/Hyun_soo/Hyun_soo142.png
1,./aligned-images/Hyun_soo/Hyun_soo137.png
1,./aligned-images/Hyun_soo/Hyun_soo265.png
1,./aligned-images/Hyun_soo/Hyun_soo73.png
1,./aligned-images/Hyun_soo/Hyun_soo185.png
1,./aligned-images/Hyun_soo/Hyun_soo232.png
1,./aligned-images/Hyun_soo/Hyun_soo175.png
1,./aligned-images/Hyun_soo/Hyun_soo4.png
1,./aligned-images/Hyun_soo/Hyun_soo377.png
1,./aligned-images/Hyun_soo/Hyun_soo151.png
1,./aligned-images/Hyun_soo/Hyun_soo81.png
1,./aligned-images/Hyun_soo/Hyun_soo79.png
1,./aligned-images/Hyun_soo/Hyun_soo299.png
1,./aligned-images/Hyun_soo/Hyun_soo193.png
1,./aligned-images/Hyun_soo/Hyun_soo346.png
1,./aligned-images/Hyun_soo/Hyun_soo371.png
1,./aligned-images/Hyun_soo/Hyun_soo208.png
1,./aligned-images/Hyun_soo/Hyun_soo183.png
1,./aligned-images/Hyun_soo/Hyun_soo337.png
1,./aligned-images/Hyun_soo/Hyun_soo261.png
1,./aligned-images/Hyun_soo/Hyun_soo39.png
1,./aligned-images/Hyun_soo/Hyun_soo14.png
1,./aligned-images/Hyun_soo/Hyun_soo114.png
1,./aligned-images/Hyun_soo/Hyun_soo154.png
1,./aligned-images/Hyun_soo/Hyun_soo146.png
1,./aligned-images/Hyun_soo/Hyun_soo195.png
1,./aligned-images/Hyun_soo/Hyun_soo381.png
1,./aligned-images/Hyun_soo/Hyun_soo304.png
1,./aligned-images/Hyun_soo/Hyun_soo1.png
1,./aligned-images/Hyun_soo/Hyun_soo201.png
1,./aligned-images/Hyun_soo/Hyun_soo101.png
1,./aligned-images/Hyun_soo/Hyun_soo69.png
1,./aligned-images/Hyun_soo/Hyun_soo235.png
1,./aligned-images/Hyun_soo/Hyun_soo336.png
1,./aligned-images/Hyun_soo/Hyun_soo272.png
1,./aligned-images/Hyun_soo/Hyun_soo191.png
1,./aligned-images/Hyun_soo/Hyun_soo115.png
1,./aligned-images/Hyun_soo/Hyun_soo145.png
1,./aligned-images/Hyun_soo/Hyun_soo88.png
1,./aligned-images/Hyun_soo/Hyun_soo121.png
1,./aligned-images/Hyun_soo/Hyun_soo92.png
1,./aligned-images/Hyun_soo/Hyun_soo338.png
1,./aligned-images/Hyun_soo/Hyun_soo132.png
1,./aligned-images/Hyun_soo/Hyun_soo48.png
1,./aligned-images/Hyun_soo/Hyun_soo34.png
1,./aligned-images/Hyun_soo/Hyun_soo271.png
1,./aligned-images/Hyun_soo/Hyun_soo273.png
1,./aligned-images/Hyun_soo/Hyun_soo370.png
1,./aligned-images/Hyun_soo/Hyun_soo105.png
1,./aligned-images/Hyun_soo/Hyun_soo176.png
2,./aligned-images/gill_hoon/gill_hoon50.png
2,./aligned-images/gill_hoon/gill_hoon270.png
2,./aligned-images/gill_hoon/gill_hoon103.png
2,./aligned-images/gill_hoon/gill_hoon65.png
2,./aligned-images/gill_hoon/gill_hoon290.png
2,./aligned-images/gill_hoon/gill_hoon93.png
2,./aligned-images/gill_hoon/gill_hoon334.png
2,./aligned-images/gill_hoon/gill_hoon272.png
2,./aligned-images/gill_hoon/gill_hoon48.png
2,./aligned-images/gill_hoon/gill_hoon88.png
2,./aligned-images/gill_hoon/gill_hoon337.png
2,./aligned-images/gill_hoon/gill_hoon82.png
2,./aligned-images/gill_hoon/gill_hoon257.png
2,./aligned-images/gill_hoon/gill_hoon296.png
2,./aligned-images/gill_hoon/gill_hoon271.png
2,./aligned-images/gill_hoon/gill_hoon90.png
2,./aligned-images/gill_hoon/gill_hoon304.png
2,./aligned-images/gill_hoon/gill_hoon306.png
2,./aligned-images/gill_hoon/gill_hoon94.png
2,./aligned-images/gill_hoon/gill_hoon289.png
2,./aligned-images/gill_hoon/gill_hoon28.png
2,./aligned-images/gill_hoon/gill_hoon259.png
2,./aligned-images/gill_hoon/gill_hoon102.png
2,./aligned-images/gill_hoon/gill_hoon124.png
2,./aligned-images/gill_hoon/gill_hoon295.png
2,./aligned-images/gill_hoon/gill_hoon68.png
2,./aligned-images/gill_hoon/gill_hoon303.png
2,./aligned-images/gill_hoon/gill_hoon47.png
2,./aligned-images/gill_hoon/gill_hoon23.png
2,./aligned-images/gill_hoon/gill_hoon4.png
2,./aligned-images/gill_hoon/gill_hoon106.png
2,./aligned-images/gill_hoon/gill_hoon98.png
2,./aligned-images/gill_hoon/gill_hoon260.png
2,./aligned-images/gill_hoon/gill_hoon83.png
2,./aligned-images/gill_hoon/gill_hoon79.png
2,./aligned-images/gill_hoon/gill_hoon300.png
2,./aligned-images/gill_hoon/gill_hoon112.png
2,./aligned-images/gill_hoon/gill_hoon288.png
2,./aligned-images/gill_hoon/gill_hoon53.png
2,./aligned-images/gill_hoon/gill_hoon3.png
2,./aligned-images/gill_hoon/gill_hoon104.png
2,./aligned-images/gill_hoon/gill_hoon67.png
2,./aligned-images/gill_hoon/gill_hoon297.png
2,./aligned-images/gill_hoon/gill_hoon39.png
2,./aligned-images/gill_hoon/gill_hoon274.png
2,./aligned-images/gill_hoon/gill_hoon64.png
2,./aligned-images/gill_hoon/gill_hoon18.png
2,./aligned-images/gill_hoon/gill_hoon61.png
2,./aligned-images/gill_hoon/gill_hoon100.png
2,./aligned-images/gill_hoon/gill_hoon17.png
2,./aligned-images/gill_hoon/gill_hoon125.png
2,./aligned-images/gill_hoon/gill_hoon16.png
2,./aligned-images/gill_hoon/gill_hoon256.png
2,./aligned-images/gill_hoon/gill_hoon97.png
2,./aligned-images/gill_hoon/gill_hoon33.png
2,./aligned-images/gill_hoon/gill_hoon78.png
2,./aligned-images/gill_hoon/gill_hoon9.png
2,./aligned-images/gill_hoon/gill_hoon26.png
2,./aligned-images/gill_hoon/gill_hoon40.png
2,./aligned-images/gill_hoon/gill_hoon214.png
2,./aligned-images/gill_hoon/gill_hoon44.png
2,./aligned-images/gill_hoon/gill_hoon80.png
2,./aligned-images/gill_hoon/gill_hoon285.png
2,./aligned-images/gill_hoon/gill_hoon1.png
2,./aligned-images/gill_hoon/gill_hoon319.png
2,./aligned-images/gill_hoon/gill_hoon69.png
2,./aligned-images/gill_hoon/gill_hoon105.png
2,./aligned-images/gill_hoon/gill_hoon30.png
2,./aligned-images/gill_hoon/gill_hoon38.png
2,./aligned-images/gill_hoon/gill_hoon292.png
2,./aligned-images/gill_hoon/gill_hoon121.png
2,./aligned-images/gill_hoon/gill_hoon29.png
2,./aligned-images/gill_hoon/gill_hoon127.png
2,./aligned-images/gill_hoon/gill_hoon108.png
2,./aligned-images/gill_hoon/gill_hoon279.png
2,./aligned-images/gill_hoon/gill_hoon115.png
2,./aligned-images/gill_hoon/gill_hoon19.png
2,./aligned-images/gill_hoon/gill_hoon299.png
2,./aligned-images/gill_hoon/gill_hoon294.png
2,./aligned-images/gill_hoon/gill_hoon0.png
2,./aligned-images/gill_hoon/gill_hoon273.png
2,./aligned-images/gill_hoon/gill_hoon265.png
2,./aligned-images/gill_hoon/gill_hoon87.png
2,./aligned-images/gill_hoon/gill_hoon247.png
2,./aligned-images/gill_hoon/gill_hoon81.png
2,./aligned-images/gill_hoon/gill_hoon41.png
2,./aligned-images/gill_hoon/gill_hoon73.png
2,./aligned-images/gill_hoon/gill_hoon317.png
2,./aligned-images/gill_hoon/gill_hoon107.png
2,./aligned-images/gill_hoon/gill_hoon24.png
2,./aligned-images/gill_hoon/gill_hoon36.png
2,./aligned-images/gill_hoon/gill_hoon316.png
2,./aligned-images/gill_hoon/gill_hoon43.png
2,./aligned-images/gill_hoon/gill_hoon282.png
2,./aligned-images/gill_hoon/gill_hoon57.png
2,./aligned-images/gill_hoon/gill_hoon114.png
2,./aligned-images/gill_hoon/gill_hoon14.png
3,./aligned-images/jae_ho/jae_ho158.png
3,./aligned-images/jae_ho/jae_ho428.png
3,./aligned-images/jae_ho/jae_ho529.png
3,./aligned-images/jae_ho/jae_ho146.png
3,./aligned-images/jae_ho/jae_ho235.png
3,./aligned-images/jae_ho/jae_ho361.png
3,./aligned-images/jae_ho/jae_ho414.png
3,./aligned-images/jae_ho/jae_ho296.png
3,./aligned-images/jae_ho/jae_ho569.png
3,./aligned-images/jae_ho/jae_ho231.png
3,./aligned-images/jae_ho/jae_ho526.png
3,./aligned-images/jae_ho/jae_ho44.png
3,./aligned-images/jae_ho/jae_ho350.png
3,./aligned-images/jae_ho/jae_ho168.png
3,./aligned-images/jae_ho/jae_ho61.png
3,./aligned-images/jae_ho/jae_ho421.png
3,./aligned-images/jae_ho/jae_ho425.png
3,./aligned-images/jae_ho/jae_ho90.png
3,./aligned-images/jae_ho/jae_ho206.png
3,./aligned-images/jae_ho/jae_ho214.png
3,./aligned-images/jae_ho/jae_ho230.png
3,./aligned-images/jae_ho/jae_ho86.png
3,./aligned-images/jae_ho/jae_ho240.png
3,./aligned-images/jae_ho/jae_ho363.png
3,./aligned-images/jae_ho/jae_ho265.png
3,./aligned-images/jae_ho/jae_ho447.png
3,./aligned-images/jae_ho/jae_ho98.png
3,./aligned-images/jae_ho/jae_ho544.png
3,./aligned-images/jae_ho/jae_ho431.png
3,./aligned-images/jae_ho/jae_ho226.png
3,./aligned-images/jae_ho/jae_ho565.png
3,./aligned-images/jae_ho/jae_ho128.png
3,./aligned-images/jae_ho/jae_ho441.png
3,./aligned-images/jae_ho/jae_ho161.png
3,./aligned-images/jae_ho/jae_ho353.png
3,./aligned-images/jae_ho/jae_ho553.png
3,./aligned-images/jae_ho/jae_ho232.png
3,./aligned-images/jae_ho/jae_ho360.png
3,./aligned-images/jae_ho/jae_ho108.png
3,./aligned-images/jae_ho/jae_ho144.png
3,./aligned-images/jae_ho/jae_ho566.png
3,./aligned-images/jae_ho/jae_ho359.png
3,./aligned-images/jae_ho/jae_ho175.png
3,./aligned-images/jae_ho/jae_ho398.png
3,./aligned-images/jae_ho/jae_ho320.png
3,./aligned-images/jae_ho/jae_ho325.png
3,./aligned-images/jae_ho/jae_ho156.png
3,./aligned-images/jae_ho/jae_ho114.png
3,./aligned-images/jae_ho/jae_ho304.png
3,./aligned-images/jae_ho/jae_ho422.png
3,./aligned-images/jae_ho/jae_ho208.png
3,./aligned-images/jae_ho/jae_ho57.png
3,./aligned-images/jae_ho/jae_ho29.png
3,./aligned-images/jae_ho/jae_ho150.png
3,./aligned-images/jae_ho/jae_ho407.png
3,./aligned-images/jae_ho/jae_ho22.png
3,./aligned-images/jae_ho/jae_ho323.png
3,./aligned-images/jae_ho/jae_ho412.png
3,./aligned-images/jae_ho/jae_ho154.png
3,./aligned-images/jae_ho/jae_ho3.png
3,./aligned-images/jae_ho/jae_ho121.png
3,./aligned-images/jae_ho/jae_ho16.png
3,./aligned-images/jae_ho/jae_ho339.png
3,./aligned-images/jae_ho/jae_ho348.png
3,./aligned-images/jae_ho/jae_ho42.png
3,./aligned-images/jae_ho/jae_ho63.png
3,./aligned-images/jae_ho/jae_ho184.png
3,./aligned-images/jae_ho/jae_ho541.png
3,./aligned-images/jae_ho/jae_ho380.png
3,./aligned-images/jae_ho/jae_ho125.png
3,./aligned-images/jae_ho/jae_ho211.png
3,./aligned-images/jae_ho/jae_ho275.png
3,./aligned-images/jae_ho/jae_ho393.png
3,./aligned-images/jae_ho/jae_ho54.png
3,./aligned-images/jae_ho/jae_ho97.png
3,./aligned-images/jae_ho/jae_ho188.png
3,./aligned-images/jae_ho/jae_ho51.png
3,./aligned-images/jae_ho/jae_ho548.png
3,./aligned-images/jae_ho/jae_ho164.png
3,./aligned-images/jae_ho/jae_ho94.png
3,./aligned-images/jae_ho/jae_ho67.png
3,./aligned-images/jae_ho/jae_ho338.png
3,./aligned-images/jae_ho/jae_ho23.png
3,./aligned-images/jae_ho/jae_ho18.png
3,./aligned-images/jae_ho/jae_ho17.png
3,./aligned-images/jae_ho/jae_ho170.png
3,./aligned-images/jae_ho/jae_ho34.png
3,./aligned-images/jae_ho/jae_ho549.png
3,./aligned-images/jae_ho/jae_ho556.png
3,./aligned-images/jae_ho/jae_ho169.png
3,./aligned-images/jae_ho/jae_ho73.png
3,./aligned-images/jae_ho/jae_ho560.png
3,./aligned-images/jae_ho/jae_ho528.png
3,./aligned-images/jae_ho/jae_ho402.png
3,./aligned-images/jae_ho/jae_ho47.png
3,./aligned-images/jae_ho/jae_ho178.png
3,./aligned-images/jae_ho/jae_ho417.png
3,./aligned-images/jae_ho/jae_ho550.png
3,./aligned-images/jae_ho/jae_ho521.png
3,./aligned-images/jae_ho/jae_ho478.png
3,./aligned-images/jae_ho/jae_ho36.png
3,./aligned-images/jae_ho/jae_ho545.png
3,./aligned-images/jae_ho/jae_ho9.png
3,./aligned-images/jae_ho/jae_ho481.png
3,./aligned-images/jae_ho/jae_ho530.png
3,./aligned-images/jae_ho/jae_ho249.png
3,./aligned-images/jae_ho/jae_ho176.png
3,./aligned-images/jae_ho/jae_ho401.png
3,./aligned-images/jae_ho/jae_ho171.png
3,./aligned-images/jae_ho/jae_ho374.png
3,./aligned-images/jae_ho/jae_ho546.png
3,./aligned-images/jae_ho/jae_ho137.png
3,./aligned-images/jae_ho/jae_ho38.png
3,./aligned-images/jae_ho/jae_ho324.png
3,./aligned-images/jae_ho/jae_ho423.png
3,./aligned-images/jae_ho/jae_ho93.png
3,./aligned-images/jae_ho/jae_ho43.png
3,./aligned-images/jae_ho/jae_ho48.png
3,./aligned-images/jae_ho/jae_ho383.png
3,./aligned-images/jae_ho/jae_ho157.png
3,./aligned-images/jae_ho/jae_ho279.png
3,./aligned-images/jae_ho/jae_ho40.png
3,./aligned-images/jae_ho/jae_ho167.png
3,./aligned-images/jae_ho/jae_ho30.png
3,./aligned-images/jae_ho/jae_ho336.png
3,./aligned-images/jae_ho/jae_ho133.png
3,./aligned-images/jae_ho/jae_ho364.png
3,./aligned-images/jae_ho/jae_ho342.png
3,./aligned-images/jae_ho/jae_ho410.png
3,./aligned-images/jae_ho/jae_ho559.png
3,./aligned-images/jae_ho/jae_ho145.png
3,./aligned-images/jae_ho/jae_ho444.png
3,./aligned-images/jae_ho/jae_ho358.png
3,./aligned-images/jae_ho/jae_ho527.png
3,./aligned-images/jae_ho/jae_ho129.png
3,./aligned-images/jae_ho/jae_ho434.png
3,./aligned-images/jae_ho/jae_ho321.png
3,./aligned-images/jae_ho/jae_ho406.png
3,./aligned-images/jae_ho/jae_ho387.png
3,./aligned-images/jae_ho/jae_ho413.png
3,./aligned-images/jae_ho/jae_ho124.png
3,./aligned-images/jae_ho/jae_ho384.png
3,./aligned-images/jae_ho/jae_ho5.png
3,./aligned-images/jae_ho/jae_ho349.png
3,./aligned-images/jae_ho/jae_ho220.png
3,./aligned-images/jae_ho/jae_ho37.png
3,./aligned-images/jae_ho/jae_ho56.png
3,./aligned-images/jae_ho/jae_ho424.png
3,./aligned-images/jae_ho/jae_ho1.png
3,./aligned-images/jae_ho/jae_ho53.png
3,./aligned-images/jae_ho/jae_ho370.png
3,./aligned-images/jae_ho/jae_ho26.png
3,./aligned-images/jae_ho/jae_ho538.png
3,./aligned-images/jae_ho/jae_ho312.png
3,./aligned-images/jae_ho/jae_ho242.png
3,./aligned-images/jae_ho/jae_ho80.png
3,./aligned-images/jae_ho/jae_ho540.png
3,./aligned-images/jae_ho/jae_ho385.png
3,./aligned-images/jae_ho/jae_ho112.png
3,./aligned-images/jae_ho/jae_ho60.png
3,./aligned-images/jae_ho/jae_ho28.png
3,./aligned-images/jae_ho/jae_ho531.png
3,./aligned-images/jae_ho/jae_ho389.png
3,./aligned-images/jae_ho/jae_ho83.png
3,./aligned-images/jae_ho/jae_ho162.png
3,./aligned-images/jae_ho/jae_ho381.png
3,./aligned-images/jae_ho/jae_ho356.png
3,./aligned-images/jae_ho/jae_ho19.png
3,./aligned-images/jae_ho/jae_ho233.png
3,./aligned-images/jae_ho/jae_ho39.png
3,./aligned-images/jae_ho/jae_ho33.png
3,./aligned-images/jae_ho/jae_ho195.png
3,./aligned-images/jae_ho/jae_ho82.png
3,./aligned-images/jae_ho/jae_ho515.png
3,./aligned-images/jae_ho/jae_ho41.png
3,./aligned-images/jae_ho/jae_ho255.png
3,./aligned-images/jae_ho/jae_ho215.png
3,./aligned-images/jae_ho/jae_ho575.png
3,./aligned-images/jae_ho/jae_ho196.png
3,./aligned-images/jae_ho/jae_ho377.png
3,./aligned-images/jae_ho/jae_ho400.png
3,./aligned-images/jae_ho/jae_ho78.png
3,./aligned-images/jae_ho/jae_ho189.png
3,./aligned-images/jae_ho/jae_ho562.png
3,./aligned-images/jae_ho/jae_ho418.png
3,./aligned-images/jae_ho/jae_ho403.png
3,./aligned-images/jae_ho/jae_ho131.png
3,./aligned-images/jae_ho/jae_ho221.png
3,./aligned-images/jae_ho/jae_ho343.png
3,./aligned-images/jae_ho/jae_ho142.png
3,./aligned-images/jae_ho/jae_ho564.png
3,./aligned-images/jae_ho/jae_ho329.png
3,./aligned-images/jae_ho/jae_ho346.png
3,./aligned-images/jae_ho/jae_ho337.png
3,./aligned-images/jae_ho/jae_ho14.png
3,./aligned-images/jae_ho/jae_ho103.png
3,./aligned-images/jae_ho/jae_ho435.png
3,./aligned-images/jae_ho/jae_ho536.png
3,./aligned-images/jae_ho/jae_ho4.png
3,./aligned-images/jae_ho/jae_ho105.png
3,./aligned-images/jae_ho/jae_ho420.png
3,./aligned-images/jae_ho/jae_ho438.png
3,./aligned-images/jae_ho/jae_ho132.png
3,./aligned-images/jae_ho/jae_ho193.png
3,./aligned-images/jae_ho/jae_ho166.png
3,./aligned-images/jae_ho/jae_ho65.png
3,./aligned-images/jae_ho/jae_ho100.png
3,./aligned-images/jae_ho/jae_ho151.png
3,./aligned-images/jae_ho/jae_ho201.png
3,./aligned-images/jae_ho/jae_ho427.png
3,./aligned-images/jae_ho/jae_ho92.png
3,./aligned-images/jae_ho/jae_ho147.png
3,./aligned-images/jae_ho/jae_ho542.png
3,./aligned-images/jae_ho/jae_ho127.png
3,./aligned-images/jae_ho/jae_ho573.png
3,./aligned-images/jae_ho/jae_ho102.png
3,./aligned-images/jae_ho/jae_ho334.png
3,./aligned-images/jae_ho/jae_ho257.png
3,./aligned-images/jae_ho/jae_ho107.png
3,./aligned-images/jae_ho/jae_ho512.png
3,./aligned-images/jae_ho/jae_ho354.png
3,./aligned-images/jae_ho/jae_ho388.png
3,./aligned-images/jae_ho/jae_ho368.png
3,./aligned-images/jae_ho/jae_ho50.png
3,./aligned-images/jae_ho/jae_ho225.png
3,./aligned-images/jae_ho/jae_ho87.png
3,./aligned-images/jae_ho/jae_ho52.png
3,./aligned-images/jae_ho/jae_ho535.png
3,./aligned-images/jae_ho/jae_ho68.png
3,./aligned-images/jae_ho/jae_ho367.png
3,./aligned-images/jae_ho/jae_ho179.png
3,./aligned-images/jae_ho/jae_ho191.png
3,./aligned-images/jae_ho/jae_ho513.png
3,./aligned-images/jae_ho/jae_ho445.png
3,./aligned-images/jae_ho/jae_ho534.png
3,./aligned-images/jae_ho/jae_ho172.png
3,./aligned-images/jae_ho/jae_ho555.png
3,./aligned-images/jae_ho/jae_ho516.png
3,./aligned-images/jae_ho/jae_ho551.png
3,./aligned-images/jae_ho/jae_ho432.png
3,./aligned-images/jae_ho/jae_ho218.png
3,./aligned-images/jae_ho/jae_ho104.png
3,./aligned-images/jae_ho/jae_ho552.png
3,./aligned-images/jae_ho/jae_ho0.png
4,./aligned-images/junghyeok/junghyeok399.png
4,./aligned-images/junghyeok/junghyeok289.png
4,./aligned-images/junghyeok/junghyeok334.png
4,./aligned-images/junghyeok/junghyeok338.png
4,./aligned-images/junghyeok/junghyeok81.png
4,./aligned-images/junghyeok/junghyeok344.png
4,./aligned-images/junghyeok/junghyeok257.png
4,./aligned-images/junghyeok/junghyeok354.png
4,./aligned-images/junghyeok/junghyeok172.png
4,./aligned-images/junghyeok/junghyeok142.png
4,./aligned-images/junghyeok/junghyeok79.png
4,./aligned-images/junghyeok/junghyeok368.png
4,./aligned-images/junghyeok/junghyeok132.png
4,./aligned-images/junghyeok/junghyeok131.png
4,./aligned-images/junghyeok/junghyeok400.png
4,./aligned-images/junghyeok/junghyeok436.png
4,./aligned-images/junghyeok/junghyeok335.png
4,./aligned-images/junghyeok/junghyeok418.png
4,./aligned-images/junghyeok/junghyeok157.png
4,./aligned-images/junghyeok/junghyeok481.png
4,./aligned-images/junghyeok/junghyeok64.png
4,./aligned-images/junghyeok/junghyeok416.png
4,./aligned-images/junghyeok/junghyeok112.png
4,./aligned-images/junghyeok/junghyeok151.png
4,./aligned-images/junghyeok/junghyeok364.png
4,./aligned-images/junghyeok/junghyeok425.png
4,./aligned-images/junghyeok/junghyeok161.png
4,./aligned-images/junghyeok/junghyeok438.png
4,./aligned-images/junghyeok/junghyeok501.png
4,./aligned-images/junghyeok/junghyeok80.png
4,./aligned-images/junghyeok/junghyeok323.png
4,./aligned-images/junghyeok/junghyeok487.png
4,./aligned-images/junghyeok/junghyeok417.png
4,./aligned-images/junghyeok/junghyeok499.png
4,./aligned-images/junghyeok/junghyeok145.png
4,./aligned-images/junghyeok/junghyeok78.png
4,./aligned-images/junghyeok/junghyeok432.png
4,./aligned-images/junghyeok/junghyeok102.png
4,./aligned-images/junghyeok/junghyeok175.png
4,./aligned-images/junghyeok/junghyeok478.png
4,./aligned-images/junghyeok/junghyeok449.png
4,./aligned-images/junghyeok/junghyeok137.png
4,./aligned-images/junghyeok/junghyeok441.png
4,./aligned-images/junghyeok/junghyeok477.png
4,./aligned-images/junghyeok/junghyeok414.png
4,./aligned-images/junghyeok/junghyeok466.png
4,./aligned-images/junghyeok/junghyeok486.png
4,./aligned-images/junghyeok/junghyeok427.png
4,./aligned-images/junghyeok/junghyeok265.png
4,./aligned-images/junghyeok/junghyeok118.png
4,./aligned-images/junghyeok/junghyeok304.png
4,./aligned-images/junghyeok/junghyeok370.png
4,./aligned-images/junghyeok/junghyeok357.png
4,./aligned-images/junghyeok/junghyeok41.png
4,./aligned-images/junghyeok/junghyeok464.png
4,./aligned-images/junghyeok/junghyeok457.png
4,./aligned-images/junghyeok/junghyeok67.png
4,./aligned-images/junghyeok/junghyeok108.png
4,./aligned-images/junghyeok/junghyeok484.png
4,./aligned-images/junghyeok/junghyeok431.png
4,./aligned-images/junghyeok/junghyeok176.png
4,./aligned-images/junghyeok/junghyeok169.png
4,./aligned-images/junghyeok/junghyeok608.png
4,./aligned-images/junghyeok/junghyeok424.png
4,./aligned-images/junghyeok/junghyeok384.png
4,./aligned-images/junghyeok/junghyeok448.png
4,./aligned-images/junghyeok/junghyeok470.png
4,./aligned-images/junghyeok/junghyeok474.png
4,./aligned-images/junghyeok/junghyeok346.png
4,./aligned-images/junghyeok/junghyeok224.png
4,./aligned-images/junghyeok/junghyeok296.png
4,./aligned-images/junghyeok/junghyeok361.png
4,./aligned-images/junghyeok/junghyeok65.png
4,./aligned-images/junghyeok/junghyeok413.png
4,./aligned-images/junghyeok/junghyeok453.png
4,./aligned-images/junghyeok/junghyeok407.png
4,./aligned-images/junghyeok/junghyeok162.png
4,./aligned-images/junghyeok/junghyeok26.png
4,./aligned-images/junghyeok/junghyeok320.png
4,./aligned-images/junghyeok/junghyeok403.png
4,./aligned-images/junghyeok/junghyeok511.png
4,./aligned-images/junghyeok/junghyeok164.png
4,./aligned-images/junghyeok/junghyeok325.png
4,./aligned-images/junghyeok/junghyeok279.png
4,./aligned-images/junghyeok/junghyeok168.png
4,./aligned-images/junghyeok/junghyeok348.png
4,./aligned-images/junghyeok/junghyeok100.png
4,./aligned-images/junghyeok/junghyeok406.png
4,./aligned-images/junghyeok/junghyeok388.png
4,./aligned-images/junghyeok/junghyeok147.png
4,./aligned-images/junghyeok/junghyeok428.png
4,./aligned-images/junghyeok/junghyeok435.png
4,./aligned-images/junghyeok/junghyeok178.png
4,./aligned-images/junghyeok/junghyeok94.png
4,./aligned-images/junghyeok/junghyeok385.png
4,./aligned-images/junghyeok/junghyeok502.png
4,./aligned-images/junghyeok/junghyeok171.png
4,./aligned-images/junghyeok/junghyeok496.png
4,./aligned-images/junghyeok/junghyeok166.png
4,./aligned-images/junghyeok/junghyeok185.png
4,./aligned-images/junghyeok/junghyeok393.png
4,./aligned-images/junghyeok/junghyeok115.png
4,./aligned-images/junghyeok/junghyeok321.png
4,./aligned-images/junghyeok/junghyeok272.png
4,./aligned-images/junghyeok/junghyeok421.png
4,./aligned-images/junghyeok/junghyeok434.png
4,./aligned-images/junghyeok/junghyeok420.png
4,./aligned-images/junghyeok/junghyeok495.png
4,./aligned-images/junghyeok/junghyeok485.png
4,./aligned-images/junghyeok/junghyeok423.png
4,./aligned-images/junghyeok/junghyeok402.png
4,./aligned-images/junghyeok/junghyeok69.png
4,./aligned-images/junghyeok/junghyeok105.png
4,./aligned-images/junghyeok/junghyeok381.png
4,./aligned-images/junghyeok/junghyeok156.png
4,./aligned-images/junghyeok/junghyeok96.png
4,./aligned-images/junghyeok/junghyeok437.png
4,./aligned-images/junghyeok/junghyeok408.png
4,./aligned-images/junghyeok/junghyeok98.png
4,./aligned-images/junghyeok/junghyeok465.png
4,./aligned-images/junghyeok/junghyeok401.png
4,./aligned-images/junghyeok/junghyeok63.png
4,./aligned-images/junghyeok/junghyeok463.png
4,./aligned-images/junghyeok/junghyeok68.png
4,./aligned-images/junghyeok/junghyeok387.png
4,./aligned-images/junghyeok/junghyeok167.png
4,./aligned-images/junghyeok/junghyeok324.png
4,./aligned-images/junghyeok/junghyeok180.png
4,./aligned-images/junghyeok/junghyeok93.png
4,./aligned-images/junghyeok/junghyeok87.png
4,./aligned-images/junghyeok/junghyeok358.png
4,./aligned-images/junghyeok/junghyeok377.png
4,./aligned-images/junghyeok/junghyeok111.png
4,./aligned-images/junghyeok/junghyeok462.png
4,./aligned-images/junghyeok/junghyeok367.png
4,./aligned-images/junghyeok/junghyeok127.png
4,./aligned-images/junghyeok/junghyeok129.png
4,./aligned-images/junghyeok/junghyeok337.png
4,./aligned-images/junghyeok/junghyeok422.png
4,./aligned-images/junghyeok/junghyeok83.png
4,./aligned-images/junghyeok/junghyeok191.png
4,./aligned-images/junghyeok/junghyeok363.png
4,./aligned-images/junghyeok/junghyeok353.png
4,./aligned-images/junghyeok/junghyeok451.png
4,./aligned-images/junghyeok/junghyeok179.png
4,./aligned-images/junghyeok/junghyeok188.png
4,./aligned-images/junghyeok/junghyeok439.png
4,./aligned-images/junghyeok/junghyeok445.png
4,./aligned-images/junghyeok/junghyeok498.png
4,./aligned-images/junghyeok/junghyeok471.png
4,./aligned-images/junghyeok/junghyeok392.png
4,./aligned-images/junghyeok/junghyeok158.png
4,./aligned-images/junghyeok/junghyeok114.png
4,./aligned-images/junghyeok/junghyeok447.png
4,./aligned-images/junghyeok/junghyeok509.png
4,./aligned-images/junghyeok/junghyeok452.png
4,./aligned-images/junghyeok/junghyeok144.png
4,./aligned-images/junghyeok/junghyeok154.png
4,./aligned-images/junghyeok/junghyeok73.png
4,./aligned-images/junghyeok/junghyeok491.png
4,./aligned-images/junghyeok/junghyeok349.png
4,./aligned-images/junghyeok/junghyeok356.png
4,./aligned-images/junghyeok/junghyeok489.png
4,./aligned-images/junghyeok/junghyeok97.png
4,./aligned-images/junghyeok/junghyeok128.png
4,./aligned-images/junghyeok/junghyeok189.png
4,./aligned-images/junghyeok/junghyeok398.png
4,./aligned-images/junghyeok/junghyeok482.png
4,./aligned-images/junghyeok/junghyeok389.png
4,./aligned-images/junghyeok/junghyeok374.png
4,./aligned-images/junghyeok/junghyeok488.png
4,./aligned-images/junghyeok/junghyeok350.png
4,./aligned-images/junghyeok/junghyeok82.png
4,./aligned-images/junghyeok/junghyeok467.png
4,./aligned-images/junghyeok/junghyeok125.png
4,./aligned-images/junghyeok/junghyeok104.png
4,./aligned-images/junghyeok/junghyeok116.png
4,./aligned-images/junghyeok/junghyeok372.png
4,./aligned-images/junghyeok/junghyeok133.png
4,./aligned-images/junghyeok/junghyeok347.png
4,./aligned-images/junghyeok/junghyeok371.png
4,./aligned-images/junghyeok/junghyeok336.png
4,./aligned-images/junghyeok/junghyeok359.png
4,./aligned-images/junghyeok/junghyeok373.png
4,./aligned-images/junghyeok/junghyeok343.png
4,./aligned-images/junghyeok/junghyeok286.png
4,./aligned-images/junghyeok/junghyeok492.png
4,./aligned-images/junghyeok/junghyeok146.png
4,./aligned-images/junghyeok/junghyeok360.png
4,./aligned-images/junghyeok/junghyeok90.png
4,./aligned-images/junghyeok/junghyeok152.png
4,./aligned-images/junghyeok/junghyeok117.png
4,./aligned-images/junghyeok/junghyeok329.png
4,./aligned-images/junghyeok/junghyeok339.png
4,./aligned-images/junghyeok/junghyeok121.png
4,./aligned-images/junghyeok/junghyeok386.png
4,./aligned-images/junghyeok/junghyeok107.png
4,./aligned-images/junghyeok/junghyeok103.png
4,./aligned-images/junghyeok/junghyeok86.png
4,./aligned-images/junghyeok/junghyeok383.png
5,./aligned-images/hae_in/hae_in121.png
5,./aligned-images/hae_in/hae_in422.png
5,./aligned-images/hae_in/hae_in147.png
5,./aligned-images/hae_in/hae_in531.png
5,./aligned-images/hae_in/hae_in562.png
5,./aligned-images/hae_in/hae_in22.png
5,./aligned-images/hae_in/hae_in102.png
5,./aligned-images/hae_in/hae_in196.png
5,./aligned-images/hae_in/hae_in464.png
5,./aligned-images/hae_in/hae_in40.png
5,./aligned-images/hae_in/hae_in387.png
5,./aligned-images/hae_in/hae_in195.png
5,./aligned-images/hae_in/hae_in90.png
5,./aligned-images/hae_in/hae_in16.png
5,./aligned-images/hae_in/hae_in239.png
5,./aligned-images/hae_in/hae_in143.png
5,./aligned-images/hae_in/hae_in48.png
5,./aligned-images/hae_in/hae_in246.png
5,./aligned-images/hae_in/hae_in471.png
5,./aligned-images/hae_in/hae_in142.png
5,./aligned-images/hae_in/hae_in242.png
5,./aligned-images/hae_in/hae_in499.png
5,./aligned-images/hae_in/hae_in535.png
5,./aligned-images/hae_in/hae_in575.png
5,./aligned-images/hae_in/hae_in245.png
5,./aligned-images/hae_in/hae_in388.png
5,./aligned-images/hae_in/hae_in290.png
5,./aligned-images/hae_in/hae_in192.png
5,./aligned-images/hae_in/hae_in26.png
5,./aligned-images/hae_in/hae_in544.png
5,./aligned-images/hae_in/hae_in249.png
5,./aligned-images/hae_in/hae_in172.png
5,./aligned-images/hae_in/hae_in28.png
5,./aligned-images/hae_in/hae_in127.png
5,./aligned-images/hae_in/hae_in1.png
5,./aligned-images/hae_in/hae_in389.png
5,./aligned-images/hae_in/hae_in165.png
5,./aligned-images/hae_in/hae_in220.png
5,./aligned-images/hae_in/hae_in162.png
5,./aligned-images/hae_in/hae_in252.png
5,./aligned-images/hae_in/hae_in92.png
5,./aligned-images/hae_in/hae_in528.png
5,./aligned-images/hae_in/hae_in29.png
5,./aligned-images/hae_in/hae_in129.png
5,./aligned-images/hae_in/hae_in19.png
5,./aligned-images/hae_in/hae_in465.png
5,./aligned-images/hae_in/hae_in282.png
5,./aligned-images/hae_in/hae_in274.png
5,./aligned-images/hae_in/hae_in144.png
5,./aligned-images/hae_in/hae_in566.png
5,./aligned-images/hae_in/hae_in38.png
5,./aligned-images/hae_in/hae_in565.png
5,./aligned-images/hae_in/hae_in449.png
5,./aligned-images/hae_in/hae_in221.png
5,./aligned-images/hae_in/hae_in157.png
5,./aligned-images/hae_in/hae_in253.png
5,./aligned-images/hae_in/hae_in104.png
5,./aligned-images/hae_in/hae_in548.png
5,./aligned-images/hae_in/hae_in257.png
5,./aligned-images/hae_in/hae_in560.png
5,./aligned-images/hae_in/hae_in491.png
5,./aligned-images/hae_in/hae_in181.png
5,./aligned-images/hae_in/hae_in150.png
5,./aligned-images/hae_in/hae_in352.png
5,./aligned-images/hae_in/hae_in167.png
5,./aligned-images/hae_in/hae_in23.png
5,./aligned-images/hae_in/hae_in230.png
5,./aligned-images/hae_in/hae_in164.png
5,./aligned-images/hae_in/hae_in487.png
5,./aligned-images/hae_in/hae_in118.png
5,./aligned-images/hae_in/hae_in4.png
5,./aligned-images/hae_in/hae_in482.png
5,./aligned-images/hae_in/hae_in63.png
5,./aligned-images/hae_in/hae_in476.png
5,./aligned-images/hae_in/hae_in236.png
5,./aligned-images/hae_in/hae_in14.png
5,./aligned-images/hae_in/hae_in410.png
5,./aligned-images/hae_in/hae_in509.png
5,./aligned-images/hae_in/hae_in299.png
5,./aligned-images/hae_in/hae_in489.png
5,./aligned-images/hae_in/hae_in534.png
5,./aligned-images/hae_in/hae_in211.png
5,./aligned-images/hae_in/hae_in215.png
5,./aligned-images/hae_in/hae_in103.png
5,./aligned-images/hae_in/hae_in108.png
5,./aligned-images/hae_in/hae_in68.png
5,./aligned-images/hae_in/hae_in407.png
5,./aligned-images/hae_in/hae_in193.png
5,./aligned-images/hae_in/hae_in441.png
5,./aligned-images/hae_in/hae_in131.png
5,./aligned-images/hae_in/hae_in542.png
5,./aligned-images/hae_in/hae_in34.png
5,./aligned-images/hae_in/hae_in9.png
5,./aligned-images/hae_in/hae_in398.png
5,./aligned-images/hae_in/hae_in452.png
5,./aligned-images/hae_in/hae_in60.png
5,./aligned-images/hae_in/hae_in132.png
5,./aligned-images/hae_in/hae_in432.png
5,./aligned-images/hae_in/hae_in549.png
5,./aligned-images/hae_in/hae_in183.png
5,./aligned-images/hae_in/hae_in17.png
5,./aligned-images/hae_in/hae_in201.png
5,./aligned-images/hae_in/hae_in413.png
5,./aligned-images/hae_in/hae_in393.png
5,./aligned-images/hae_in/hae_in114.png
5,./aligned-images/hae_in/hae_in107.png
5,./aligned-images/hae_in/hae_in18.png
5,./aligned-images/hae_in/hae_in207.png
5,./aligned-images/hae_in/hae_in125.png
5,./aligned-images/hae_in/hae_in189.png
5,./aligned-images/hae_in/hae_in178.png
5,./aligned-images/hae_in/hae_in166.png
5,./aligned-images/hae_in/hae_in457.png
5,./aligned-images/hae_in/hae_in438.png
5,./aligned-images/hae_in/hae_in474.png
5,./aligned-images/hae_in/hae_in243.png
5,./aligned-images/hae_in/hae_in151.png
5,./aligned-images/hae_in/hae_in425.png
5,./aligned-images/hae_in/hae_in61.png
5,./aligned-images/hae_in/hae_in427.png
5,./aligned-images/hae_in/hae_in44.png
5,./aligned-images/hae_in/hae_in513.png
5,./aligned-images/hae_in/hae_in516.png
5,./aligned-images/hae_in/hae_in133.png
5,./aligned-images/hae_in/hae_in297.png
5,./aligned-images/hae_in/hae_in233.png
5,./aligned-images/hae_in/hae_in310.png
5,./aligned-images/hae_in/hae_in73.png
5,./aligned-images/hae_in/hae_in498.png
5,./aligned-images/hae_in/hae_in496.png
5,./aligned-images/hae_in/hae_in231.png
5,./aligned-images/hae_in/hae_in197.png
5,./aligned-images/hae_in/hae_in492.png
5,./aligned-images/hae_in/hae_in270.png
5,./aligned-images/hae_in/hae_in385.png
5,./aligned-images/hae_in/hae_in486.png
5,./aligned-images/hae_in/hae_in128.png
5,./aligned-images/hae_in/hae_in80.png
5,./aligned-images/hae_in/hae_in94.png
5,./aligned-images/hae_in/hae_in206.png
5,./aligned-images/hae_in/hae_in303.png
5,./aligned-images/hae_in/hae_in146.png
5,./aligned-images/hae_in/hae_in15.png
5,./aligned-images/hae_in/hae_in515.png
5,./aligned-images/hae_in/hae_in470.png
5,./aligned-images/hae_in/hae_in97.png
5,./aligned-images/hae_in/hae_in87.png
5,./aligned-images/hae_in/hae_in137.png
5,./aligned-images/hae_in/hae_in154.png
5,./aligned-images/hae_in/hae_in214.png
5,./aligned-images/hae_in/hae_in428.png
5,./aligned-images/hae_in/hae_in569.png
5,./aligned-images/hae_in/hae_in402.png
5,./aligned-images/hae_in/hae_in552.png
5,./aligned-images/hae_in/hae_in507.png
5,./aligned-images/hae_in/hae_in530.png
5,./aligned-images/hae_in/hae_in240.png
5,./aligned-images/hae_in/hae_in67.png
5,./aligned-images/hae_in/hae_in553.png
5,./aligned-images/hae_in/hae_in228.png
5,./aligned-images/hae_in/hae_in168.png
5,./aligned-images/hae_in/hae_in100.png
5,./aligned-images/hae_in/hae_in145.png
5,./aligned-images/hae_in/hae_in463.png
5,./aligned-images/hae_in/hae_in179.png
5,./aligned-images/hae_in/hae_in210.png
5,./aligned-images/hae_in/hae_in480.png
5,./aligned-images/hae_in/hae_in346.png
5,./aligned-images/hae_in/hae_in235.png
5,./aligned-images/hae_in/hae_in477.png
5,./aligned-images/hae_in/hae_in273.png
5,./aligned-images/hae_in/hae_in64.png
5,./aligned-images/hae_in/hae_in50.png
5,./aligned-images/hae_in/hae_in512.png
5,./aligned-images/hae_in/hae_in175.png
5,./aligned-images/hae_in/hae_in414.png
5,./aligned-images/hae_in/hae_in417.png
5,./aligned-images/hae_in/hae_in226.png
5,./aligned-images/hae_in/hae_in112.png
5,./aligned-images/hae_in/hae_in78.png
5,./aligned-images/hae_in/hae_in98.png
5,./aligned-images/hae_in/hae_in156.png
5,./aligned-images/hae_in/hae_in232.png
5,./aligned-images/hae_in/hae_in556.png
5,./aligned-images/hae_in/hae_in555.png
5,./aligned-images/hae_in/hae_in209.png
5,./aligned-images/hae_in/hae_in105.png
5,./aligned-images/hae_in/hae_in339.png
5,./aligned-images/hae_in/hae_in191.png
5,./aligned-images/hae_in/hae_in57.png
5,./aligned-images/hae_in/hae_in160.png
5,./aligned-images/hae_in/hae_in39.png
5,./aligned-images/hae_in/hae_in229.png
5,./aligned-images/hae_in/hae_in434.png
5,./aligned-images/hae_in/hae_in188.png
5,./aligned-images/hae_in/hae_in247.png
5,./aligned-images/hae_in/hae_in551.png
5,./aligned-images/hae_in/hae_in3.png
5,./aligned-images/hae_in/hae_in158.png
5,./aligned-images/hae_in/hae_in51.png
5,./aligned-images/hae_in/hae_in69.png
5,./aligned-images/hae_in/hae_in176.png
5,./aligned-images/hae_in/hae_in41.png
5,./aligned-images/hae_in/hae_in447.png
5,./aligned-images/hae_in/hae_in451.png
5,./aligned-images/hae_in/hae_in171.png
5,./aligned-images/hae_in/hae_in478.png
5,./aligned-images/hae_in/hae_in319.png
5,./aligned-images/hae_in/hae_in218.png
5,./aligned-images/hae_in/hae_in225.png
5,./aligned-images/hae_in/hae_in82.png
5,./aligned-images/hae_in/hae_in93.png
5,./aligned-images/hae_in/hae_in488.png
5,./aligned-images/hae_in/hae_in495.png
5,./aligned-images/hae_in/hae_in527.png
5,./aligned-images/hae_in/hae_in260.png
5,./aligned-images/hae_in/hae_in521.png
5,./aligned-images/hae_in/hae_in111.png
5,./aligned-images/hae_in/hae_in538.png
5,./aligned-images/hae_in/hae_in466.png
5,./aligned-images/hae_in/hae_in182.png
5,./aligned-images/hae_in/hae_in418.png
5,./aligned-images/hae_in/hae_in169.png
5,./aligned-images/hae_in/hae_in540.png
5,./aligned-images/hae_in/hae_in541.png
5,./aligned-images/hae_in/hae_in65.png
5,./aligned-images/hae_in/hae_in559.png
5,./aligned-images/hae_in/hae_in563.png
5,./aligned-images/hae_in/hae_in255.png
5,./aligned-images/hae_in/hae_in550.png
5,./aligned-images/hae_in/hae_in573.png
5,./aligned-images/hae_in/hae_in54.png
5,./aligned-images/hae_in/hae_in462.png
5,./aligned-images/hae_in/hae_in185.png
5,./aligned-images/hae_in/hae_in401.png
5,./aligned-images/hae_in/hae_in423.png
5,./aligned-images/hae_in/hae_in222.png
5,./aligned-images/hae_in/hae_in208.png
5,./aligned-images/hae_in/hae_in43.png
5,./aligned-images/hae_in/hae_in511.png
5,./aligned-images/hae_in/hae_in83.png
6,./aligned-images/ho_ju/ho_ju323.png
6,./aligned-images/ho_ju/ho_ju383.png
6,./aligned-images/ho_ju/ho_ju367.png
6,./aligned-images/ho_ju/ho_ju191.png
6,./aligned-images/ho_ju/ho_ju270.png
6,./aligned-images/ho_ju/ho_ju359.png
6,./aligned-images/ho_ju/ho_ju354.png
6,./aligned-images/ho_ju/ho_ju384.png
6,./aligned-images/ho_ju/ho_ju478.png
6,./aligned-images/ho_ju/ho_ju150.png
6,./aligned-images/ho_ju/ho_ju509.png
6,./aligned-images/ho_ju/ho_ju211.png
6,./aligned-images/ho_ju/ho_ju242.png
6,./aligned-images/ho_ju/ho_ju489.png
6,./aligned-images/ho_ju/ho_ju481.png
6,./aligned-images/ho_ju/ho_ju317.png
6,./aligned-images/ho_ju/ho_ju60.png
6,./aligned-images/ho_ju/ho_ju253.png
6,./aligned-images/ho_ju/ho_ju142.png
6,./aligned-images/ho_ju/ho_ju474.png
6,./aligned-images/ho_ju/ho_ju502.png
6,./aligned-images/ho_ju/ho_ju214.png
6,./aligned-images/ho_ju/ho_ju48.png
6,./aligned-images/ho_ju/ho_ju121.png
6,./aligned-images/ho_ju/ho_ju260.png
6,./aligned-images/ho_ju/ho_ju188.png
6,./aligned-images/ho_ju/ho_ju299.png
6,./aligned-images/ho_ju/ho_ju471.png
6,./aligned-images/ho_ju/ho_ju487.png
6,./aligned-images/ho_ju/ho_ju9.png
6,./aligned-images/ho_ju/ho_ju235.png
6,./aligned-images/ho_ju/ho_ju488.png
6,./aligned-images/ho_ju/ho_ju231.png
6,./aligned-images/ho_ju/ho_ju209.png
6,./aligned-images/ho_ju/ho_ju146.png
6,./aligned-images/ho_ju/ho_ju40.png
6,./aligned-images/ho_ju/ho_ju371.png
6,./aligned-images/ho_ju/ho_ju151.png
6,./aligned-images/ho_ju/ho_ju482.png
6,./aligned-images/ho_ju/ho_ju278.png
6,./aligned-images/ho_ju/ho_ju16.png
6,./aligned-images/ho_ju/ho_ju33.png
6,./aligned-images/ho_ju/ho_ju50.png
6,./aligned-images/ho_ju/ho_ju401.png
6,./aligned-images/ho_ju/ho_ju453.png
6,./aligned-images/ho_ju/ho_ju233.png
6,./aligned-images/ho_ju/ho_ju158.png
6,./aligned-images/ho_ju/ho_ju381.png
6,./aligned-images/ho_ju/ho_ju466.png
6,./aligned-images/ho_ju/ho_ju240.png
6,./aligned-images/ho_ju/ho_ju325.png
6,./aligned-images/ho_ju/ho_ju335.png
6,./aligned-images/ho_ju/ho_ju499.png
6,./aligned-images/ho_ju/ho_ju193.png
6,./aligned-images/ho_ju/ho_ju221.png
6,./aligned-images/ho_ju/ho_ju162.png
6,./aligned-images/ho_ju/ho_ju61.png
6,./aligned-images/ho_ju/ho_ju157.png
6,./aligned-images/ho_ju/ho_ju320.png
6,./aligned-images/ho_ju/ho_ju311.png
6,./aligned-images/ho_ju/ho_ju166.png
6,./aligned-images/ho_ju/ho_ju41.png
6,./aligned-images/ho_ju/ho_ju373.png
6,./aligned-images/ho_ju/ho_ju505.png
6,./aligned-images/ho_ju/ho_ju137.png
6,./aligned-images/ho_ju/ho_ju161.png
6,./aligned-images/ho_ju/ho_ju462.png
6,./aligned-images/ho_ju/ho_ju477.png
6,./aligned-images/ho_ju/ho_ju271.png
6,./aligned-images/ho_ju/ho_ju63.png
6,./aligned-images/ho_ju/ho_ju144.png
6,./aligned-images/ho_ju/ho_ju457.png
6,./aligned-images/ho_ju/ho_ju225.png
6,./aligned-images/ho_ju/ho_ju274.png
6,./aligned-images/ho_ju/ho_ju339.png
6,./aligned-images/ho_ju/ho_ju265.png
6,./aligned-images/ho_ju/ho_ju352.png
6,./aligned-images/ho_ju/ho_ju329.png
6,./aligned-images/ho_ju/ho_ju169.png
6,./aligned-images/ho_ju/ho_ju402.png
6,./aligned-images/ho_ju/ho_ju495.png
6,./aligned-images/ho_ju/ho_ju465.png
6,./aligned-images/ho_ju/ho_ju206.png
6,./aligned-images/ho_ju/ho_ju189.png
6,./aligned-images/ho_ju/ho_ju463.png
6,./aligned-images/ho_ju/ho_ju129.png
6,./aligned-images/ho_ju/ho_ju425.png
6,./aligned-images/ho_ju/ho_ju356.png
6,./aligned-images/ho_ju/ho_ju39.png
6,./aligned-images/ho_ju/ho_ju222.png
6,./aligned-images/ho_ju/ho_ju195.png
6,./aligned-images/ho_ju/ho_ju486.png
6,./aligned-images/ho_ju/ho_ju374.png
6,./aligned-images/ho_ju/ho_ju28.png
6,./aligned-images/ho_ju/ho_ju319.png
6,./aligned-images/ho_ju/ho_ju178.png
6,./aligned-images/ho_ju/ho_ju220.png
6,./aligned-images/ho_ju/ho_ju484.png
6,./aligned-images/ho_ju/ho_ju172.png
6,./aligned-images/ho_ju/ho_ju246.png
6,./aligned-images/ho_ju/ho_ju197.png
6,./aligned-images/ho_ju/ho_ju23.png
6,./aligned-images/ho_ju/ho_ju476.png
6,./aligned-images/ho_ju/ho_ju210.png
6,./aligned-images/ho_ju/ho_ju4.png
6,./aligned-images/ho_ju/ho_ju208.png
6,./aligned-images/ho_ju/ho_ju295.png
6,./aligned-images/ho_ju/ho_ju51.png
6,./aligned-images/ho_ju/ho_ju34.png
6,./aligned-images/ho_ju/ho_ju413.png
6,./aligned-images/ho_ju/ho_ju334.png
6,./aligned-images/ho_ju/ho_ju412.png
6,./aligned-images/ho_ju/ho_ju363.png
6,./aligned-images/ho_ju/ho_ju498.png
6,./aligned-images/ho_ju/ho_ju346.png
6,./aligned-images/ho_ju/ho_ju511.png
6,./aligned-images/ho_ju/ho_ju307.png
6,./aligned-images/ho_ju/ho_ju176.png
6,./aligned-images/ho_ju/ho_ju255.png
6,./aligned-images/ho_ju/ho_ju447.png
6,./aligned-images/ho_ju/ho_ju349.png
6,./aligned-images/ho_ju/ho_ju306.png
6,./aligned-images/ho_ju/ho_ju285.png
6,./aligned-images/ho_ju/ho_ju181.png
6,./aligned-images/ho_ju/ho_ju357.png
6,./aligned-images/ho_ju/ho_ju410.png
6,./aligned-images/ho_ju/ho_ju372.png
6,./aligned-images/ho_ju/ho_ju336.png
6,./aligned-images/ho_ju/ho_ju272.png
6,./aligned-images/ho_ju/ho_ju296.png
6,./aligned-images/ho_ju/ho_ju380.png
6,./aligned-images/ho_ju/ho_ju338.png
6,./aligned-images/ho_ju/ho_ju236.png
6,./aligned-images/ho_ju/ho_ju427.png
6,./aligned-images/ho_ju/ho_ju423.png
6,./aligned-images/ho_ju/ho_ju226.png
6,./aligned-images/ho_ju/ho_ju496.png
6,./aligned-images/ho_ju/ho_ju167.png
6,./aligned-images/ho_ju/ho_ju131.png
6,./aligned-images/ho_ju/ho_ju286.png
6,./aligned-images/ho_ju/ho_ju94.png
6,./aligned-images/ho_ju/ho_ju275.png
6,./aligned-images/ho_ju/ho_ju145.png
6,./aligned-images/ho_ju/ho_ju132.png
6,./aligned-images/ho_ju/ho_ju387.png
6,./aligned-images/ho_ju/ho_ju179.png
6,./aligned-images/ho_ju/ho_ju385.png
6,./aligned-images/ho_ju/ho_ju342.png
6,./aligned-images/ho_ju/ho_ju196.png
6,./aligned-images/ho_ju/ho_ju449.png
6,./aligned-images/ho_ju/ho_ju350.png
6,./aligned-images/ho_ju/ho_ju370.png
6,./aligned-images/ho_ju/ho_ju1.png
6,./aligned-images/ho_ju/ho_ju201.png
6,./aligned-images/ho_ju/ho_ju165.png
6,./aligned-images/ho_ju/ho_ju228.png
6,./aligned-images/ho_ju/ho_ju353.png
6,./aligned-images/ho_ju/ho_ju279.png
6,./aligned-images/ho_ju/ho_ju491.png
6,./aligned-images/ho_ju/ho_ju343.png
6,./aligned-images/ho_ju/ho_ju437.png
6,./aligned-images/ho_ju/ho_ju83.png
6,./aligned-images/ho_ju/ho_ju348.png
6,./aligned-images/ho_ju/ho_ju399.png
6,./aligned-images/ho_ju/ho_ju57.png
6,./aligned-images/ho_ju/ho_ju360.png
6,./aligned-images/ho_ju/ho_ju358.png
6,./aligned-images/ho_ju/ho_ju418.png
6,./aligned-images/ho_ju/ho_ju239.png
6,./aligned-images/ho_ju/ho_ju492.png
6,./aligned-images/ho_ju/ho_ju467.png
6,./aligned-images/ho_ju/ho_ju26.png
6,./aligned-images/ho_ju/ho_ju143.png
6,./aligned-images/ho_ju/ho_ju3.png
6,./aligned-images/ho_ju/ho_ju508.png
6,./aligned-images/ho_ju/ho_ju297.png
6,./aligned-images/ho_ju/ho_ju43.png
6,./aligned-images/ho_ju/ho_ju428.png
6,./aligned-images/ho_ju/ho_ju29.png
6,./aligned-images/ho_ju/ho_ju294.png
6,./aligned-images/ho_ju/ho_ju215.png
6,./aligned-images/ho_ju/ho_ju168.png
6,./aligned-images/ho_ju/ho_ju252.png
6,./aligned-images/ho_ju/ho_ju154.png
6,./aligned-images/ho_ju/ho_ju17.png
6,./aligned-images/ho_ju/ho_ju304.png
6,./aligned-images/ho_ju/ho_ju22.png
6,./aligned-images/ho_ju/ho_ju257.png
6,./aligned-images/ho_ju/ho_ju230.png
6,./aligned-images/ho_ju/ho_ju290.png
6,./aligned-images/ho_ju/ho_ju156.png
6,./aligned-images/ho_ju/ho_ju97.png
6,./aligned-images/ho_ju/ho_ju464.png
6,./aligned-images/ho_ju/ho_ju259.png
6,./aligned-images/ho_ju/ho_ju451.png
6,./aligned-images/ho_ju/ho_ju321.png
6,./aligned-images/ho_ju/ho_ju288.png
6,./aligned-images/ho_ju/ho_ju218.png
6,./aligned-images/ho_ju/ho_ju377.png
6,./aligned-images/ho_ju/ho_ju364.png
6,./aligned-images/ho_ju/ho_ju14.png
6,./aligned-images/ho_ju/ho_ju171.png
6,./aligned-images/ho_ju/ho_ju324.png
6,./aligned-images/ho_ju/ho_ju388.png
6,./aligned-images/ho_ju/ho_ju398.png
6,./aligned-images/ho_ju/ho_ju368.png
6,./aligned-images/ho_ju/ho_ju361.png
6,./aligned-images/ho_ju/ho_ju448.png
6,./aligned-images/ho_ju/ho_ju38.png
6,./aligned-images/ho_ju/ho_ju273.png
7,./aligned-images/Seung_hyun/Seung_hyun33.png
7,./aligned-images/Seung_hyun/Seung_hyun127.png
7,./aligned-images/Seung_hyun/Seung_hyun19.png
7,./aligned-images/Seung_hyun/Seung_hyun81.png
7,./aligned-images/Seung_hyun/Seung_hyun147.png
7,./aligned-images/Seung_hyun/Seung_hyun105.png
7,./aligned-images/Seung_hyun/Seung_hyun24.png
7,./aligned-images/Seung_hyun/Seung_hyun484.png
7,./aligned-images/Seung_hyun/Seung_hyun359.png
7,./aligned-images/Seung_hyun/Seung_hyun115.png
7,./aligned-images/Seung_hyun/Seung_hyun117.png
7,./aligned-images/Seung_hyun/Seung_hyun78.png
7,./aligned-images/Seung_hyun/Seung_hyun346.png
7,./aligned-images/Seung_hyun/Seung_hyun363.png
7,./aligned-images/Seung_hyun/Seung_hyun488.png
7,./aligned-images/Seung_hyun/Seung_hyun370.png
7,./aligned-images/Seung_hyun/Seung_hyun501.png
7,./aligned-images/Seung_hyun/Seung_hyun383.png
7,./aligned-images/Seung_hyun/Seung_hyun491.png
7,./aligned-images/Seung_hyun/Seung_hyun354.png
7,./aligned-images/Seung_hyun/Seung_hyun103.png
7,./aligned-images/Seung_hyun/Seung_hyun125.png
7,./aligned-images/Seung_hyun/Seung_hyun452.png
7,./aligned-images/Seung_hyun/Seung_hyun457.png
7,./aligned-images/Seung_hyun/Seung_hyun41.png
7,./aligned-images/Seung_hyun/Seung_hyun86.png
7,./aligned-images/Seung_hyun/Seung_hyun80.png
7,./aligned-images/Seung_hyun/Seung_hyun82.png
7,./aligned-images/Seung_hyun/Seung_hyun101.png
7,./aligned-images/Seung_hyun/Seung_hyun104.png
7,./aligned-images/Seung_hyun/Seung_hyun65.png
7,./aligned-images/Seung_hyun/Seung_hyun464.png
7,./aligned-images/Seung_hyun/Seung_hyun68.png
7,./aligned-images/Seung_hyun/Seung_hyun93.png
7,./aligned-images/Seung_hyun/Seung_hyun511.png
7,./aligned-images/Seung_hyun/Seung_hyun111.png
7,./aligned-images/Seung_hyun/Seung_hyun83.png
7,./aligned-images/Seung_hyun/Seung_hyun79.png
7,./aligned-images/Seung_hyun/Seung_hyun482.png
7,./aligned-images/Seung_hyun/Seung_hyun462.png
7,./aligned-images/Seung_hyun/Seung_hyun489.png
7,./aligned-images/Seung_hyun/Seung_hyun100.png
7,./aligned-images/Seung_hyun/Seung_hyun465.png
7,./aligned-images/Seung_hyun/Seung_hyun69.png
7,./aligned-images/Seung_hyun/Seung_hyun349.png
7,./aligned-images/Seung_hyun/Seung_hyun94.png
7,./aligned-images/Seung_hyun/Seung_hyun286.png
7,./aligned-images/Seung_hyun/Seung_hyun222.png
7,./aligned-images/Seung_hyun/Seung_hyun121.png
7,./aligned-images/Seung_hyun/Seung_hyun449.png
7,./aligned-images/Seung_hyun/Seung_hyun337.png
7,./aligned-images/Seung_hyun/Seung_hyun98.png
7,./aligned-images/Seung_hyun/Seung_hyun114.png
7,./aligned-images/Seung_hyun/Seung_hyun14.png
7,./aligned-images/Seung_hyun/Seung_hyun466.png
7,./aligned-images/Seung_hyun/Seung_hyun87.png
7,./aligned-images/Seung_hyun/Seung_hyun487.png
7,./aligned-images/Seung_hyun/Seung_hyun96.png
7,./aligned-images/Seung_hyun/Seung_hyun63.png
7,./aligned-images/Seung_hyun/Seung_hyun323.png
7,./aligned-images/Seung_hyun/Seung_hyun73.png
7,./aligned-images/Seung_hyun/Seung_hyun334.png
7,./aligned-images/Seung_hyun/Seung_hyun492.png
7,./aligned-images/Seung_hyun/Seung_hyun97.png
7,./aligned-images/Seung_hyun/Seung_hyun321.png
7,./aligned-images/Seung_hyun/Seung_hyun67.png
7,./aligned-images/Seung_hyun/Seung_hyun64.png
7,./aligned-images/Seung_hyun/Seung_hyun508.png
7,./aligned-images/Seung_hyun/Seung_hyun477.png
7,./aligned-images/Seung_hyun/Seung_hyun498.png
7,./aligned-images/Seung_hyun/Seung_hyun142.png
7,./aligned-images/Seung_hyun/Seung_hyun108.png
7,./aligned-images/Seung_hyun/Seung_hyun324.png
7,./aligned-images/Seung_hyun/Seung_hyun361.png
7,./aligned-images/Seung_hyun/Seung_hyun509.png
7,./aligned-images/Seung_hyun/Seung_hyun92.png
7,./aligned-images/Seung_hyun/Seung_hyun496.png
7,./aligned-images/Seung_hyun/Seung_hyun417.png
7,./aligned-images/Seung_hyun/Seung_hyun123.png
7,./aligned-images/Seung_hyun/Seung_hyun107.png
7,./aligned-images/Seung_hyun/Seung_hyun471.png
7,./aligned-images/Seung_hyun/Seung_hyun17.png
7,./aligned-images/Seung_hyun/Seung_hyun124.png
7,./aligned-images/Seung_hyun/Seung_hyun60.png
7,./aligned-images/Seung_hyun/Seung_hyun112.png
7,./aligned-images/Seung_hyun/Seung_hyun57.png
7,./aligned-images/Seung_hyun/Seung_hyun480.png
7,./aligned-images/Seung_hyun/Seung_hyun54.png
7,./aligned-images/Seung_hyun/Seung_hyun467.png
7,./aligned-images/Seung_hyun/Seung_hyun451.png
7,./aligned-images/Seung_hyun/Seung_hyun30.png
7,./aligned-images/Seung_hyun/Seung_hyun34.png
7,./aligned-images/Seung_hyun/Seung_hyun102.png
7,./aligned-images/Seung_hyun/Seung_hyun275.png
7,./aligned-images/Seung_hyun/Seung_hyun474.png
7,./aligned-images/Seung_hyun/Seung_hyun90.png
8,./aligned-images/yoondo/yoondo239.png
8,./aligned-images/yoondo/yoondo103.png
8,./aligned-images/yoondo/yoondo214.png
8,./aligned-images/yoondo/yoondo73.png
8,./aligned-images/yoondo/yoondo215.png
8,./aligned-images/yoondo/yoondo257.png
8,./aligned-images/yoondo/yoondo121.png
8,./aligned-images/yoondo/yoondo353.png
8,./aligned-images/yoondo/yoondo104.png
8,./aligned-images/yoondo/yoondo247.png
8,./aligned-images/yoondo/yoondo225.png
8,./aligned-images/yoondo/yoondo97.png
8,./aligned-images/yoondo/yoondo339.png
8,./aligned-images/yoondo/yoondo363.png
8,./aligned-images/yoondo/yoondo68.png
8,./aligned-images/yoondo/yoondo69.png
8,./aligned-images/yoondo/yoondo87.png
8,./aligned-images/yoondo/yoondo354.png
8,./aligned-images/yoondo/yoondo82.png
8,./aligned-images/yoondo/yoondo232.png
8,./aligned-images/yoondo/yoondo67.png
8,./aligned-images/yoondo/yoondo209.png
8,./aligned-images/yoondo/yoondo259.png
8,./aligned-images/yoondo/yoondo125.png
8,./aligned-images/yoondo/yoondo368.png
8,./aligned-images/yoondo/yoondo93.png
8,./aligned-images/yoondo/yoondo249.png
8,./aligned-images/yoondo/yoondo349.png
8,./aligned-images/yoondo/yoondo343.png
8,./aligned-images/yoondo/yoondo220.png
8,./aligned-images/yoondo/yoondo65.png
8,./aligned-images/yoondo/yoondo86.png
8,./aligned-images/yoondo/yoondo207.png
8,./aligned-images/yoondo/yoondo325.png
8,./aligned-images/yoondo/yoondo381.png
8,./aligned-images/yoondo/yoondo222.png
8,./aligned-images/yoondo/yoondo101.png
8,./aligned-images/yoondo/yoondo79.png
8,./aligned-images/yoondo/yoondo94.png
8,./aligned-images/yoondo/yoondo364.png
8,./aligned-images/yoondo/yoondo102.png
8,./aligned-images/yoondo/yoondo193.png
8,./aligned-images/yoondo/yoondo107.png
8,./aligned-images/yoondo/yoondo195.png
8,./aligned-images/yoondo/yoondo221.png
8,./aligned-images/yoondo/yoondo336.png
8,./aligned-images/yoondo/yoondo255.png
8,./aligned-images/yoondo/yoondo108.png
8,./aligned-images/yoondo/yoondo206.png
8,./aligned-images/yoondo/yoondo127.png
8,./aligned-images/yoondo/yoondo359.png
8,./aligned-images/yoondo/yoondo245.png
8,./aligned-images/yoondo/yoondo226.png
8,./aligned-images/yoondo/yoondo338.png
8,./aligned-images/yoondo/yoondo117.png
8,./aligned-images/yoondo/yoondo111.png
8,./aligned-images/yoondo/yoondo242.png
8,./aligned-images/yoondo/yoondo105.png
8,./aligned-images/yoondo/yoondo83.png
8,./aligned-images/yoondo/yoondo228.png
8,./aligned-images/yoondo/yoondo90.png
8,./aligned-images/yoondo/yoondo383.png
8,./aligned-images/yoondo/yoondo253.png
8,./aligned-images/yoondo/yoondo236.png
8,./aligned-images/yoondo/yoondo240.png
8,./aligned-images/yoondo/yoondo100.png
8,./aligned-images/yoondo/yoondo321.png
8,./aligned-images/yoondo/yoondo230.png
8,./aligned-images/yoondo/yoondo224.png
8,./aligned-images/yoondo/yoondo235.png
8,./aligned-images/yoondo/yoondo210.png
8,./aligned-images/yoondo/yoondo329.png
8,./aligned-images/yoondo/yoondo377.png
8,./aligned-images/yoondo/yoondo295.png
8,./aligned-images/yoondo/yoondo361.png
8,./aligned-images/yoondo/yoondo323.png
8,./aligned-images/yoondo/yoondo112.png
8,./aligned-images/yoondo/yoondo211.png
8,./aligned-images/yoondo/yoondo233.png
8,./aligned-images/yoondo/yoondo229.png
8,./aligned-images/yoondo/yoondo196.png
8,./aligned-images/yoondo/yoondo337.png
8,./aligned-images/yoondo/yoondo371.png
8,./aligned-images/yoondo/yoondo348.png
8,./aligned-images/yoondo/yoondo98.png
8,./aligned-images/yoondo/yoondo197.png
8,./aligned-images/yoondo/yoondo252.png
8,./aligned-images/yoondo/yoondo334.png
8,./aligned-images/yoondo/yoondo246.png
8,./aligned-images/yoondo/yoondo208.png
8,./aligned-images/yoondo/yoondo370.png
8,./aligned-images/yoondo/yoondo342.png
8,./aligned-images/yoondo/yoondo115.png
8,./aligned-images/yoondo/yoondo114.png
8,./aligned-images/yoondo/yoondo78.png
8,./aligned-images/yoondo/yoondo346.png
8,./aligned-images/yoondo/yoondo201.png
8,./aligned-images/yoondo/yoondo92.png
8,./aligned-images/yoondo/yoondo192.png
8,./aligned-images/yoondo/yoondo80.png
8,./aligned-images/yoondo/yoondo243.png
8,./aligned-images/yoondo/yoondo231.png
8,./aligned-images/yoondo/yoondo118.png
8,./aligned-images/yoondo/yoondo218.png
8,./aligned-images/yoondo/yoondo358.png
8,./aligned-images/yoondo/yoondo81.png
9,./aligned-images/Jung_in/Jung_in321.png
9,./aligned-images/Jung_in/Jung_in57.png
9,./aligned-images/Jung_in/Jung_in34.png
9,./aligned-images/Jung_in/Jung_in427.png
9,./aligned-images/Jung_in/Jung_in218.png
9,./aligned-images/Jung_in/Jung_in201.png
9,./aligned-images/Jung_in/Jung_in300.png
9,./aligned-images/Jung_in/Jung_in236.png
9,./aligned-images/Jung_in/Jung_in16.png
9,./aligned-images/Jung_in/Jung_in274.png
9,./aligned-images/Jung_in/Jung_in33.png
9,./aligned-images/Jung_in/Jung_in403.png
9,./aligned-images/Jung_in/Jung_in423.png
9,./aligned-images/Jung_in/Jung_in297.png
9,./aligned-images/Jung_in/Jung_in348.png
9,./aligned-images/Jung_in/Jung_in286.png
9,./aligned-images/Jung_in/Jung_in290.png
9,./aligned-images/Jung_in/Jung_in279.png
9,./aligned-images/Jung_in/Jung_in192.png
9,./aligned-images/Jung_in/Jung_in398.png
9,./aligned-images/Jung_in/Jung_in388.png
9,./aligned-images/Jung_in/Jung_in193.png
9,./aligned-images/Jung_in/Jung_in282.png
9,./aligned-images/Jung_in/Jung_in310.png
9,./aligned-images/Jung_in/Jung_in196.png
9,./aligned-images/Jung_in/Jung_in299.png
9,./aligned-images/Jung_in/Jung_in435.png
9,./aligned-images/Jung_in/Jung_in233.png
9,./aligned-images/Jung_in/Jung_in221.png
9,./aligned-images/Jung_in/Jung_in275.png
9,./aligned-images/Jung_in/Jung_in402.png
9,./aligned-images/Jung_in/Jung_in226.png
9,./aligned-images/Jung_in/Jung_in38.png
9,./aligned-images/Jung_in/Jung_in296.png
9,./aligned-images/Jung_in/Jung_in41.png
9,./aligned-images/Jung_in/Jung_in240.png
9,./aligned-images/Jung_in/Jung_in304.png
9,./aligned-images/Jung_in/Jung_in309.png
9,./aligned-images/Jung_in/Jung_in306.png
9,./aligned-images/Jung_in/Jung_in346.png
9,./aligned-images/Jung_in/Jung_in9.png
9,./aligned-images/Jung_in/Jung_in211.png
9,./aligned-images/Jung_in/Jung_in4.png
9,./aligned-images/Jung_in/Jung_in32.png
9,./aligned-images/Jung_in/Jung_in50.png
9,./aligned-images/Jung_in/Jung_in206.png
9,./aligned-images/Jung_in/Jung_in209.png
9,./aligned-images/Jung_in/Jung_in354.png
9,./aligned-images/Jung_in/Jung_in94.png
9,./aligned-images/Jung_in/Jung_in259.png
9,./aligned-images/Jung_in/Jung_in255.png
9,./aligned-images/Jung_in/Jung_in285.png
9,./aligned-images/Jung_in/Jung_in256.png
9,./aligned-images/Jung_in/Jung_in230.png
9,./aligned-images/Jung_in/Jung_in23.png
9,./aligned-images/Jung_in/Jung_in60.png
9,./aligned-images/Jung_in/Jung_in313.png
9,./aligned-images/Jung_in/Jung_in270.png
9,./aligned-images/Jung_in/Jung_in385.png
9,./aligned-images/Jung_in/Jung_in445.png
9,./aligned-images/Jung_in/Jung_in19.png
9,./aligned-images/Jung_in/Jung_in207.png
9,./aligned-images/Jung_in/Jung_in24.png
9,./aligned-images/Jung_in/Jung_in36.png
9,./aligned-images/Jung_in/Jung_in383.png
9,./aligned-images/Jung_in/Jung_in418.png
9,./aligned-images/Jung_in/Jung_in294.png
9,./aligned-images/Jung_in/Jung_in43.png
9,./aligned-images/Jung_in/Jung_in257.png
9,./aligned-images/Jung_in/Jung_in220.png
9,./aligned-images/Jung_in/Jung_in400.png
9,./aligned-images/Jung_in/Jung_in239.png
9,./aligned-images/Jung_in/Jung_in295.png
9,./aligned-images/Jung_in/Jung_in271.png
9,./aligned-images/Jung_in/Jung_in265.png
9,./aligned-images/Jung_in/Jung_in225.png
9,./aligned-images/Jung_in/Jung_in337.png
9,./aligned-images/Jung_in/Jung_in273.png
9,./aligned-images/Jung_in/Jung_in363.png
9,./aligned-images/Jung_in/Jung_in401.png
9,./aligned-images/Jung_in/Jung_in48.png
9,./aligned-images/Jung_in/Jung_in28.png
9,./aligned-images/Jung_in/Jung_in232.png
9,./aligned-images/Jung_in/Jung_in229.png
9,./aligned-images/Jung_in/Jung_in261.png
9,./aligned-images/Jung_in/Jung_in228.png
9,./aligned-images/Jung_in/Jung_in361.png
9,./aligned-images/Jung_in/Jung_in284.png
9,./aligned-images/Jung_in/Jung_in253.png
9,./aligned-images/Jung_in/Jung_in53.png
9,./aligned-images/Jung_in/Jung_in447.png
9,./aligned-images/Jung_in/Jung_in18.png
9,./aligned-images/Jung_in/Jung_in235.png
9,./aligned-images/Jung_in/Jung_in26.png
9,./aligned-images/Jung_in/Jung_in249.png
9,./aligned-images/Jung_in/Jung_in30.png
9,./aligned-images/Jung_in/Jung_in44.png
9,./aligned-images/Jung_in/Jung_in195.png
9,./aligned-images/Jung_in/Jung_in208.png
9,./aligned-images/Jung_in/Jung_in413.png
9,./aligned-images/Jung_in/Jung_in83.png
9,./aligned-images/Jung_in/Jung_in17.png
9,./aligned-images/Jung_in/Jung_in63.png
9,./aligned-images/Jung_in/Jung_in387.png
9,./aligned-images/Jung_in/Jung_in215.png
9,./aligned-images/Jung_in/Jung_in243.png
9,./aligned-images/Jung_in/Jung_in252.png
9,./aligned-images/Jung_in/Jung_in214.png
9,./aligned-images/Jung_in/Jung_in231.png
9,./aligned-images/Jung_in/Jung_in245.png
9,./aligned-images/Jung_in/Jung_in247.png
9,./aligned-images/Jung_in/Jung_in278.png
9,./aligned-images/Jung_in/Jung_in14.png
9,./aligned-images/Jung_in/Jung_in224.png
9,./aligned-images/Jung_in/Jung_in40.png
9,./aligned-images/Jung_in/Jung_in61.png
9,./aligned-images/Jung_in/Jung_in222.png
9,./aligned-images/Jung_in/Jung_in319.png
9,./aligned-images/Jung_in/Jung_in0.png
9,./aligned-images/Jung_in/Jung_in39.png
9,./aligned-images/Jung_in/Jung_in29.png
9,./aligned-images/Jung_in/Jung_in3.png
9,./aligned-images/Jung_in/Jung_in97.png
9,./aligned-images/Jung_in/Jung_in242.png
9,./aligned-images/Jung_in/Jung_in272.png
9,./aligned-images/Jung_in/Jung_in210.png
9,./aligned-images/Jung_in/Jung_in317.png
9,./aligned-images/Jung_in/Jung_in260.png
9,./aligned-images/Jung_in/Jung_in1.png
10,./aligned-images/Kwang_ho/Kwang_ho206.png
10,./aligned-images/Kwang_ho/Kwang_ho337.png
10,./aligned-images/Kwang_ho/Kwang_ho142.png
10,./aligned-images/Kwang_ho/Kwang_ho16.png
10,./aligned-images/Kwang_ho/Kwang_ho168.png
10,./aligned-images/Kwang_ho/Kwang_ho172.png
10,./aligned-images/Kwang_ho/Kwang_ho87.png
10,./aligned-images/Kwang_ho/Kwang_ho413.png
10,./aligned-images/Kwang_ho/Kwang_ho65.png
10,./aligned-images/Kwang_ho/Kwang_ho295.png
10,./aligned-images/Kwang_ho/Kwang_ho78.png
10,./aligned-images/Kwang_ho/Kwang_ho233.png
10,./aligned-images/Kwang_ho/Kwang_ho19.png
10,./aligned-images/Kwang_ho/Kwang_ho388.png
10,./aligned-images/Kwang_ho/Kwang_ho400.png
10,./aligned-images/Kwang_ho/Kwang_ho132.png
10,./aligned-images/Kwang_ho/Kwang_ho61.png
10,./aligned-images/Kwang_ho/Kwang_ho193.png
10,./aligned-images/Kwang_ho/Kwang_ho82.png
10,./aligned-images/Kwang_ho/Kwang_ho222.png
10,./aligned-images/Kwang_ho/Kwang_ho137.png
10,./aligned-images/Kwang_ho/Kwang_ho179.png
10,./aligned-images/Kwang_ho/Kwang_ho339.png
10,./aligned-images/Kwang_ho/Kwang_ho544.png
10,./aligned-images/Kwang_ho/Kwang_ho221.png
10,./aligned-images/Kwang_ho/Kwang_ho354.png
10,./aligned-images/Kwang_ho/Kwang_ho498.png
10,./aligned-images/Kwang_ho/Kwang_ho303.png
10,./aligned-images/Kwang_ho/Kwang_ho97.png
10,./aligned-images/Kwang_ho/Kwang_ho246.png
10,./aligned-images/Kwang_ho/Kwang_ho338.png
10,./aligned-images/Kwang_ho/Kwang_ho185.png
10,./aligned-images/Kwang_ho/Kwang_ho191.png
10,./aligned-images/Kwang_ho/Kwang_ho383.png
10,./aligned-images/Kwang_ho/Kwang_ho94.png
10,./aligned-images/Kwang_ho/Kwang_ho425.png
10,./aligned-images/Kwang_ho/Kwang_ho162.png
10,./aligned-images/Kwang_ho/Kwang_ho64.png
10,./aligned-images/Kwang_ho/Kwang_ho128.png
10,./aligned-images/Kwang_ho/Kwang_ho210.png
10,./aligned-images/Kwang_ho/Kwang_ho195.png
10,./aligned-images/Kwang_ho/Kwang_ho492.png
10,./aligned-images/Kwang_ho/Kwang_ho399.png
10,./aligned-images/Kwang_ho/Kwang_ho220.png
10,./aligned-images/Kwang_ho/Kwang_ho225.png
10,./aligned-images/Kwang_ho/Kwang_ho435.png
10,./aligned-images/Kwang_ho/Kwang_ho423.png
10,./aligned-images/Kwang_ho/Kwang_ho48.png
10,./aligned-images/Kwang_ho/Kwang_ho156.png
10,./aligned-images/Kwang_ho/Kwang_ho471.png
10,./aligned-images/Kwang_ho/Kwang_ho398.png
10,./aligned-images/Kwang_ho/Kwang_ho270.png
10,./aligned-images/Kwang_ho/Kwang_ho29.png
10,./aligned-images/Kwang_ho/Kwang_ho457.png
10,./aligned-images/Kwang_ho/Kwang_ho309.png
10,./aligned-images/Kwang_ho/Kwang_ho169.png
10,./aligned-images/Kwang_ho/Kwang_ho381.png
10,./aligned-images/Kwang_ho/Kwang_ho131.png
10,./aligned-images/Kwang_ho/Kwang_ho86.png
10,./aligned-images/Kwang_ho/Kwang_ho51.png
10,./aligned-images/Kwang_ho/Kwang_ho274.png
10,./aligned-images/Kwang_ho/Kwang_ho432.png
10,./aligned-images/Kwang_ho/Kwang_ho231.png
10,./aligned-images/Kwang_ho/Kwang_ho488.png
10,./aligned-images/Kwang_ho/Kwang_ho22.png
10,./aligned-images/Kwang_ho/Kwang_ho256.png
10,./aligned-images/Kwang_ho/Kwang_ho218.png
10,./aligned-images/Kwang_ho/Kwang_ho453.png
10,./aligned-images/Kwang_ho/Kwang_ho178.png
10,./aligned-images/Kwang_ho/Kwang_ho443.png
10,./aligned-images/Kwang_ho/Kwang_ho463.png
10,./aligned-images/Kwang_ho/Kwang_ho67.png
10,./aligned-images/Kwang_ho/Kwang_ho336.png
10,./aligned-images/Kwang_ho/Kwang_ho242.png
10,./aligned-images/Kwang_ho/Kwang_ho505.png
10,./aligned-images/Kwang_ho/Kwang_ho372.png
10,./aligned-images/Kwang_ho/Kwang_ho509.png
10,./aligned-images/Kwang_ho/Kwang_ho353.png
10,./aligned-images/Kwang_ho/Kwang_ho201.png
10,./aligned-images/Kwang_ho/Kwang_ho208.png
10,./aligned-images/Kwang_ho/Kwang_ho117.png
10,./aligned-images/Kwang_ho/Kwang_ho403.png
10,./aligned-images/Kwang_ho/Kwang_ho150.png
10,./aligned-images/Kwang_ho/Kwang_ho427.png
10,./aligned-images/Kwang_ho/Kwang_ho108.png
10,./aligned-images/Kwang_ho/Kwang_ho296.png
10,./aligned-images/Kwang_ho/Kwang_ho286.png
10,./aligned-images/Kwang_ho/Kwang_ho32.png
10,./aligned-images/Kwang_ho/Kwang_ho304.png
10,./aligned-images/Kwang_ho/Kwang_ho282.png
10,./aligned-images/Kwang_ho/Kwang_ho197.png
10,./aligned-images/Kwang_ho/Kwang_ho387.png
10,./aligned-images/Kwang_ho/Kwang_ho323.png
10,./aligned-images/Kwang_ho/Kwang_ho422.png
10,./aligned-images/Kwang_ho/Kwang_ho92.png
10,./aligned-images/Kwang_ho/Kwang_ho481.png
10,./aligned-images/Kwang_ho/Kwang_ho420.png
10,./aligned-images/Kwang_ho/Kwang_ho39.png
10,./aligned-images/Kwang_ho/Kwang_ho196.png
10,./aligned-images/Kwang_ho/Kwang_ho265.png
10,./aligned-images/Kwang_ho/Kwang_ho255.png
10,./aligned-images/Kwang_ho/Kwang_ho50.png
10,./aligned-images/Kwang_ho/Kwang_ho349.png
10,./aligned-images/Kwang_ho/Kwang_ho360.png
10,./aligned-images/Kwang_ho/Kwang_ho243.png
10,./aligned-images/Kwang_ho/Kwang_ho183.png
10,./aligned-images/Kwang_ho/Kwang_ho111.png
10,./aligned-images/Kwang_ho/Kwang_ho441.png
10,./aligned-images/Kwang_ho/Kwang_ho129.png
10,./aligned-images/Kwang_ho/Kwang_ho501.png
10,./aligned-images/Kwang_ho/Kwang_ho496.png
10,./aligned-images/Kwang_ho/Kwang_ho73.png
10,./aligned-images/Kwang_ho/Kwang_ho465.png
10,./aligned-images/Kwang_ho/Kwang_ho482.png
10,./aligned-images/Kwang_ho/Kwang_ho79.png
10,./aligned-images/Kwang_ho/Kwang_ho166.png
10,./aligned-images/Kwang_ho/Kwang_ho434.png
10,./aligned-images/Kwang_ho/Kwang_ho127.png
10,./aligned-images/Kwang_ho/Kwang_ho145.png
10,./aligned-images/Kwang_ho/Kwang_ho279.png
10,./aligned-images/Kwang_ho/Kwang_ho363.png
10,./aligned-images/Kwang_ho/Kwang_ho105.png
10,./aligned-images/Kwang_ho/Kwang_ho154.png
10,./aligned-images/Kwang_ho/Kwang_ho368.png
10,./aligned-images/Kwang_ho/Kwang_ho343.png
10,./aligned-images/Kwang_ho/Kwang_ho359.png
10,./aligned-images/Kwang_ho/Kwang_ho417.png
10,./aligned-images/Kwang_ho/Kwang_ho253.png
10,./aligned-images/Kwang_ho/Kwang_ho144.png
10,./aligned-images/Kwang_ho/Kwang_ho235.png
10,./aligned-images/Kwang_ho/Kwang_ho18.png
10,./aligned-images/Kwang_ho/Kwang_ho40.png
10,./aligned-images/Kwang_ho/Kwang_ho428.png
10,./aligned-images/Kwang_ho/Kwang_ho118.png
10,./aligned-images/Kwang_ho/Kwang_ho226.png
10,./aligned-images/Kwang_ho/Kwang_ho182.png
10,./aligned-images/Kwang_ho/Kwang_ho1.png
10,./aligned-images/Kwang_ho/Kwang_ho115.png
10,./aligned-images/Kwang_ho/Kwang_ho240.png
10,./aligned-images/Kwang_ho/Kwang_ho38.png
10,./aligned-images/Kwang_ho/Kwang_ho319.png
10,./aligned-images/Kwang_ho/Kwang_ho307.png
10,./aligned-images/Kwang_ho/Kwang_ho68.png
10,./aligned-images/Kwang_ho/Kwang_ho151.png
10,./aligned-images/Kwang_ho/Kwang_ho125.png
10,./aligned-images/Kwang_ho/Kwang_ho412.png
10,./aligned-images/Kwang_ho/Kwang_ho334.png
10,./aligned-images/Kwang_ho/Kwang_ho438.png
10,./aligned-images/Kwang_ho/Kwang_ho462.png
10,./aligned-images/Kwang_ho/Kwang_ho229.png
10,./aligned-images/Kwang_ho/Kwang_ho259.png
10,./aligned-images/Kwang_ho/Kwang_ho55.png
10,./aligned-images/Kwang_ho/Kwang_ho41.png
10,./aligned-images/Kwang_ho/Kwang_ho414.png
10,./aligned-images/Kwang_ho/Kwang_ho377.png
10,./aligned-images/Kwang_ho/Kwang_ho215.png
10,./aligned-images/Kwang_ho/Kwang_ho487.png
10,./aligned-images/Kwang_ho/Kwang_ho370.png
10,./aligned-images/Kwang_ho/Kwang_ho257.png
10,./aligned-images/Kwang_ho/Kwang_ho107.png
10,./aligned-images/Kwang_ho/Kwang_ho401.png
10,./aligned-images/Kwang_ho/Kwang_ho81.png
10,./aligned-images/Kwang_ho/Kwang_ho466.png
10,./aligned-images/Kwang_ho/Kwang_ho147.png
10,./aligned-images/Kwang_ho/Kwang_ho300.png
10,./aligned-images/Kwang_ho/Kwang_ho299.png
10,./aligned-images/Kwang_ho/Kwang_ho175.png
10,./aligned-images/Kwang_ho/Kwang_ho306.png
10,./aligned-images/Kwang_ho/Kwang_ho431.png
10,./aligned-images/Kwang_ho/Kwang_ho451.png
10,./aligned-images/Kwang_ho/Kwang_ho272.png
10,./aligned-images/Kwang_ho/Kwang_ho100.png
10,./aligned-images/Kwang_ho/Kwang_ho176.png
10,./aligned-images/Kwang_ho/Kwang_ho80.png
10,./aligned-images/Kwang_ho/Kwang_ho288.png
10,./aligned-images/Kwang_ho/Kwang_ho23.png
10,./aligned-images/Kwang_ho/Kwang_ho96.png
10,./aligned-images/Kwang_ho/Kwang_ho402.png
10,./aligned-images/Kwang_ho/Kwang_ho209.png
10,./aligned-images/Kwang_ho/Kwang_ho271.png
10,./aligned-images/Kwang_ho/Kwang_ho445.png
10,./aligned-images/Kwang_ho/Kwang_ho146.png
10,./aligned-images/Kwang_ho/Kwang_ho464.png
10,./aligned-images/Kwang_ho/Kwang_ho511.png
10,./aligned-images/Kwang_ho/Kwang_ho98.png
10,./aligned-images/Kwang_ho/Kwang_ho230.png
10,./aligned-images/Kwang_ho/Kwang_ho364.png
10,./aligned-images/Kwang_ho/Kwang_ho350.png
10,./aligned-images/Kwang_ho/Kwang_ho290.png
10,./aligned-images/Kwang_ho/Kwang_ho34.png
10,./aligned-images/Kwang_ho/Kwang_ho447.png
10,./aligned-images/Kwang_ho/Kwang_ho171.png
10,./aligned-images/Kwang_ho/Kwang_ho228.png
10,./aligned-images/Kwang_ho/Kwang_ho273.png
10,./aligned-images/Kwang_ho/Kwang_ho384.png
10,./aligned-images/Kwang_ho/Kwang_ho410.png
10,./aligned-images/Kwang_ho/Kwang_ho531.png
10,./aligned-images/Kwang_ho/Kwang_ho157.png
10,./aligned-images/Kwang_ho/Kwang_ho407.png
10,./aligned-images/Kwang_ho/Kwang_ho278.png
10,./aligned-images/Kwang_ho/Kwang_ho260.png
10,./aligned-images/Kwang_ho/Kwang_ho285.png
10,./aligned-images/Kwang_ho/Kwang_ho160.png
10,./aligned-images/Kwang_ho/Kwang_ho249.png
10,./aligned-images/Kwang_ho/Kwang_ho567.png
10,./aligned-images/Kwang_ho/Kwang_ho4.png
10,./aligned-images/Kwang_ho/Kwang_ho275.png
10,./aligned-images/Kwang_ho/Kwang_ho3.png
10,./aligned-images/Kwang_ho/Kwang_ho90.png
10,./aligned-images/Kwang_ho/Kwang_ho294.png
10,./aligned-images/Kwang_ho/Kwang_ho102.png
10,./aligned-images/Kwang_ho/Kwang_ho244.png
10,./aligned-images/Kwang_ho/Kwang_ho17.png
10,./aligned-images/Kwang_ho/Kwang_ho112.png
10,./aligned-images/Kwang_ho/Kwang_ho164.png
10,./aligned-images/Kwang_ho/Kwang_ho93.png
10,./aligned-images/Kwang_ho/Kwang_ho83.png
10,./aligned-images/Kwang_ho/Kwang_ho239.png
10,./aligned-images/Kwang_ho/Kwang_ho478.png
10,./aligned-images/Kwang_ho/Kwang_ho26.png
10,./aligned-images/Kwang_ho/Kwang_ho292.png
10,./aligned-images/Kwang_ho/Kwang_ho489.png
10,./aligned-images/Kwang_ho/Kwang_ho121.png
10,./aligned-images/Kwang_ho/Kwang_ho297.png
10,./aligned-images/Kwang_ho/Kwang_ho143.png
10,./aligned-images/Kwang_ho/Kwang_ho9.png
10,./aligned-images/Kwang_ho/Kwang_ho114.png
10,./aligned-images/Kwang_ho/Kwang_ho486.png
10,./aligned-images/Kwang_ho/Kwang_ho418.png
10,./aligned-images/Kwang_ho/Kwang_ho289.png
10,./aligned-images/Kwang_ho/Kwang_ho261.png
10,./aligned-images/Kwang_ho/Kwang_ho393.png
10,./aligned-images/Kwang_ho/Kwang_ho406.png
10,./aligned-images/Kwang_ho/Kwang_ho385.png
10,./aligned-images/Kwang_ho/Kwang_ho317.png
10,./aligned-images/Kwang_ho/Kwang_ho103.png
10,./aligned-images/Kwang_ho/Kwang_ho444.png
10,./aligned-images/Kwang_ho/Kwang_ho284.png
10,./aligned-images/Kwang_ho/Kwang_ho167.png
10,./aligned-images/Kwang_ho/Kwang_ho232.png
10,./aligned-images/Kwang_ho/Kwang_ho449.png
10,./aligned-images/Kwang_ho/Kwang_ho437.png
10,./aligned-images/Kwang_ho/Kwang_ho491.png
10,./aligned-images/Kwang_ho/Kwang_ho189.png
10,./aligned-images/Kwang_ho/Kwang_ho325.png
10,./aligned-images/Kwang_ho/Kwang_ho389.png
10,./aligned-images/Kwang_ho/Kwang_ho329.png
10,./aligned-images/Kwang_ho/Kwang_ho124.png
10,./aligned-images/Kwang_ho/Kwang_ho424.png
10,./aligned-images/Kwang_ho/Kwang_ho104.png
